Time,HeartRate
2019-05-30 14:55:42,81
2019-05-30 18:11:43,91
2019-05-30 18:26:48,67
2019-05-30 18:48:38,77
2019-05-30 18:52:47,76
2019-05-30 19:04:19,79
2019-05-30 19:04:24,85
2019-05-30 19:04:26,83
2019-05-30 19:04:34,76
2019-05-30 19:04:38,75
2019-05-30 19:04:40,74
2019-05-30 19:04:46,81
2019-05-30 19:04:54,83
2019-05-30 19:04:58,84
2019-05-30 19:05:04,88
2019-05-30 19:05:06,88
2019-05-30 19:05:14,90
2019-05-30 19:05:15,89
2019-05-30 19:05:23,82
2019-05-30 19:05:29,87
2019-05-30 19:05:31,85
2019-05-30 19:05:35,83
2019-05-30 19:05:44,84
2019-05-30 19:05:45,84
2019-05-30 19:05:52,89
2019-05-30 19:05:55,86
2019-05-30 19:06:00,90
2019-05-30 19:06:09,79
2019-05-30 19:06:14,77
2019-05-30 19:06:16,77
2019-05-30 19:06:24,83
2019-05-30 19:06:27,82
2019-05-30 19:06:30,79
2019-05-30 19:06:36,76
2019-05-30 19:06:44,96
2019-05-30 19:06:49,99
2019-05-30 19:06:51,100
2019-05-30 19:06:55,104
2019-05-30 19:07:00,97
2019-05-30 19:07:09,87
2019-05-30 19:07:10,87
2019-05-30 19:07:19,82
2019-05-30 19:07:23,84
2019-05-30 19:07:29,79
2019-05-30 19:07:32,80
2019-05-30 19:07:39,82
2019-05-30 19:07:42,82
2019-05-30 19:07:45,80
2019-05-30 19:07:52,86
2019-05-30 19:07:59,80
2019-05-30 19:08:02,79
2019-05-30 19:08:09,75
2019-05-30 19:08:14,77
2019-05-30 19:08:17,78
2019-05-30 19:08:24,78
2019-05-30 19:08:29,78
2019-05-30 19:08:30,79
2019-05-30 19:08:35,80
2019-05-30 19:08:44,90
2019-05-30 19:08:49,85
2019-05-30 19:08:53,83
2019-05-30 19:08:55,83
2019-05-30 19:09:04,80
2019-05-30 19:09:05,80
2019-05-30 19:09:14,98
2019-05-30 19:09:18,95
2019-05-30 19:09:23,91
2019-05-30 19:09:29,86
2019-05-30 19:09:34,83
2019-05-30 19:09:36,84
2019-05-30 19:09:44,91
2019-05-30 19:09:45,90
2019-05-30 19:09:53,84
2019-05-30 19:09:55,83
2019-05-30 19:10:04,78
2019-05-30 19:10:07,79
2019-05-30 19:10:11,79
2019-05-30 19:10:19,83
2019-05-30 19:10:24,82
2019-05-30 19:10:28,81
2019-05-30 19:10:32,83
2019-05-30 19:10:35,83
2019-05-30 19:10:44,84
2019-05-30 19:10:45,83
2019-05-30 19:10:52,82
2019-05-30 19:10:57,83
2019-05-30 19:11:01,85
2019-05-30 19:11:05,86
2019-05-30 19:11:13,83
2019-05-30 19:11:15,84
2019-05-30 19:11:23,87
2019-05-30 19:11:25,85
2019-05-30 19:11:34,82
2019-05-30 19:11:35,81
2019-05-30 19:11:42,80
2019-05-30 19:11:48,81
2019-05-30 19:11:53,80
2019-05-30 19:11:57,79
2019-05-30 19:12:00,79
2019-05-30 19:12:09,74
2019-05-30 19:12:12,74
2019-05-30 19:12:19,74
2019-05-30 19:12:24,77
2019-05-30 19:12:29,77
2019-05-30 19:12:34,77
2019-05-30 19:12:38,78
2019-05-30 19:12:40,78
2019-05-30 19:12:46,78
2019-05-30 19:12:50,81
2019-05-30 19:12:57,85
2019-05-30 19:13:00,80
2019-05-30 19:13:08,77
2019-05-30 19:13:10,80
2019-05-30 19:13:19,106
2019-05-30 19:13:24,111
2019-05-30 19:13:25,110
2019-05-30 19:13:30,99
2019-05-30 19:13:35,92
2019-05-30 19:13:44,81
2019-05-30 19:13:49,80
2019-05-30 19:13:51,80
2019-05-30 19:13:59,75
2019-05-30 19:14:02,76
2019-05-30 19:14:08,79
2019-05-30 19:14:10,78
2019-05-30 19:14:19,75
2019-05-30 19:14:21,74
2019-05-30 19:14:28,73
2019-05-30 19:14:30,74
2019-05-30 19:14:39,78
2019-05-30 19:14:42,76
2019-05-30 19:14:45,79
2019-05-30 19:14:51,85
2019-05-30 19:14:57,80
2019-05-30 19:15:04,75
2019-05-30 19:15:05,75
2019-05-30 19:15:13,81
2019-05-30 19:15:15,78
2019-05-30 19:15:24,76
2019-05-30 19:15:29,76
2019-05-30 19:15:34,75
2019-05-30 19:15:39,76
2019-05-30 19:15:44,76
2019-05-30 19:15:45,77
2019-05-30 19:15:50,79
2019-05-30 19:15:55,90
2019-05-30 19:16:04,79
2019-05-30 19:16:09,77
2019-05-30 19:16:14,76
2019-05-30 19:16:18,76
2019-05-30 19:16:24,73
2019-05-30 19:16:29,73
2019-05-30 19:16:30,74
2019-05-30 19:16:36,75
2019-05-30 19:16:44,72
2019-05-30 19:16:45,73
2019-05-30 19:16:54,98
2019-05-30 19:16:58,98
2019-05-30 19:17:01,100
2019-05-30 19:17:05,102
2019-05-30 19:17:11,95
2019-05-30 19:17:19,106
2019-05-30 19:17:24,109
2019-05-30 19:17:25,109
2019-05-30 19:17:30,112
2019-05-30 19:17:35,102
2019-05-30 19:17:44,85
2019-05-30 19:17:48,84
2019-05-30 19:17:50,83
2019-05-30 19:17:58,81
2019-05-30 19:18:04,86
2019-05-30 19:18:05,85
2019-05-30 19:18:14,77
2019-05-30 19:18:15,78
2019-05-30 19:18:24,89
2019-05-30 19:18:25,87
2019-05-30 19:18:34,80
2019-05-30 19:18:38,81
2019-05-30 19:18:44,80
2019-05-30 19:18:45,80
2019-05-30 19:18:52,83
2019-05-30 19:18:55,82
2019-05-30 19:19:01,78
2019-05-30 19:19:09,75
2019-05-30 19:19:14,79
2019-05-30 19:19:17,79
2019-05-30 19:19:21,78
2019-05-30 19:19:25,83
2019-05-30 19:19:34,100
2019-05-30 19:19:35,101
2019-05-30 19:19:42,100
2019-05-30 19:19:48,106
2019-05-30 19:19:54,101
2019-05-30 19:19:57,100
2019-05-30 19:20:00,97
2019-05-30 19:20:07,87
2019-05-30 19:20:14,81
2019-05-30 19:20:19,80
2019-05-30 19:20:20,80
2019-05-30 19:20:29,82
2019-05-30 19:20:30,82
2019-05-30 19:20:35,79
2019-05-30 19:20:44,74
2019-05-30 19:20:49,74
2019-05-30 19:20:52,75
2019-05-30 19:20:55,75
2019-05-30 19:21:04,81
2019-05-30 19:21:06,79
2019-05-30 19:21:12,84
2019-05-30 19:21:15,80
2019-05-30 19:21:24,73
2019-05-30 19:21:29,72
2019-05-30 19:21:34,71
2019-05-30 19:21:35,72
2019-05-30 19:21:42,76
2019-05-30 19:21:47,77
2019-05-30 19:21:50,78
2019-05-30 19:21:59,100
2019-05-30 19:22:04,98
2019-05-30 19:22:09,93
2019-05-30 19:22:14,90
2019-05-30 19:22:17,91
2019-05-30 19:22:20,90
2019-05-30 19:22:29,80
2019-05-30 19:22:34,79
2019-05-30 19:22:39,79
2019-05-30 19:22:43,80
2019-05-30 19:22:48,80
2019-05-30 19:22:51,82
2019-05-30 19:22:57,81
2019-05-30 19:23:04,77
2019-05-30 19:23:06,77
2019-05-30 19:23:10,75
2019-05-30 19:23:16,73
2019-05-30 19:23:24,81
2019-05-30 19:23:25,80
2019-05-30 19:23:34,77
2019-05-30 19:23:39,78
2019-05-30 19:23:44,78
2019-05-30 19:23:46,80
2019-05-30 19:23:54,85
2019-05-30 19:23:59,85
2019-05-30 19:24:00,84
2019-05-30 19:24:09,78
2019-05-30 19:24:14,85
2019-05-30 19:24:15,85
2019-05-30 19:24:24,76
2019-05-30 19:24:29,74
2019-05-30 19:24:34,73
2019-05-30 19:24:38,72
2019-05-30 19:24:41,74
2019-05-30 19:24:45,73
2019-05-30 19:24:51,71
2019-05-30 19:24:55,77
2019-05-30 19:25:04,86
2019-05-30 19:25:06,85
2019-05-30 19:25:12,97
2019-05-30 19:25:15,96
2019-05-30 19:25:24,80
2019-05-30 19:25:29,80
2019-05-30 19:25:33,80
2019-05-30 19:25:39,81
2019-05-30 19:25:40,80
2019-05-30 19:25:46,78
2019-05-30 19:25:52,77
2019-05-30 19:25:59,76
2019-05-30 19:26:02,76
2019-05-30 19:26:08,75
2019-05-30 19:26:11,75
2019-05-30 19:26:16,74
2019-05-30 19:26:23,74
2019-05-30 19:26:25,74
2019-05-30 19:26:33,76
2019-05-30 19:26:39,78
2019-05-30 19:26:44,77
2019-05-30 19:26:46,76
2019-05-30 19:26:53,74
2019-05-30 19:26:55,74
2019-05-30 19:27:00,75
2019-05-30 19:27:05,77
2019-05-30 19:27:14,79
2019-05-30 19:27:16,79
2019-05-30 19:27:24,77
2019-05-30 19:27:26,77
2019-05-30 19:27:32,78
2019-05-30 19:27:39,82
2019-05-30 19:27:43,80
2019-05-30 19:27:46,80
2019-05-30 19:27:50,81
2019-05-30 19:27:59,73
2019-05-30 19:28:02,74
2019-05-30 19:28:09,78
2019-05-30 19:28:12,77
2019-05-30 19:28:19,82
2019-05-30 19:28:24,78
2019-05-30 19:28:27,79
2019-05-30 19:28:34,75
2019-05-30 19:28:39,75
2019-05-30 19:28:44,76
2019-05-30 19:28:48,75
2019-05-30 19:28:54,74
2019-05-30 19:28:55,73
2019-05-30 19:29:02,72
2019-05-30 19:29:06,72
2019-05-30 19:29:14,75
2019-05-30 19:29:19,75
2019-05-30 19:29:24,77
2019-05-30 19:29:25,77
2019-05-30 19:29:33,81
2019-05-30 19:29:35,80
2019-05-30 19:29:40,76
2019-05-30 19:29:47,74
2019-05-30 19:29:54,80
2019-05-30 19:29:59,78
2019-05-30 19:30:02,79
2019-05-30 19:30:05,80
2019-05-30 19:30:14,85
2019-05-30 19:30:16,85
2019-05-30 19:30:20,80
2019-05-30 19:30:29,76
2019-05-30 19:30:34,80
2019-05-30 19:30:36,79
2019-05-30 19:30:43,77
2019-05-30 19:30:46,77
2019-05-30 19:30:50,75
2019-05-30 19:30:59,70
2019-05-30 19:31:04,71
2019-05-30 19:31:05,71
2019-05-30 19:31:14,74
2019-05-30 19:31:16,73
2019-05-30 19:31:21,73
2019-05-30 19:31:29,79
2019-05-30 19:31:34,78
2019-05-30 19:31:37,78
2019-05-30 19:31:40,80
2019-05-30 19:31:49,97
2019-05-30 19:31:51,98
2019-05-30 19:31:55,95
2019-05-30 19:32:00,87
2019-05-30 19:32:09,82
2019-05-30 19:32:10,85
2019-05-30 19:32:19,105
2019-05-30 19:32:23,111
2019-05-30 19:32:29,112
2019-05-30 19:32:30,111
2019-05-30 19:32:39,87
2019-05-30 19:32:44,79
2019-05-30 19:32:49,76
2019-05-30 19:32:54,76
2019-05-30 19:32:55,76
2019-05-30 19:33:04,82
2019-05-30 19:33:05,83
2019-05-30 19:33:10,87
2019-05-30 19:33:17,77
2019-05-30 19:33:24,73
2019-05-30 19:33:29,71
2019-05-30 19:33:34,71
2019-05-30 19:33:35,71
2019-05-30 19:33:44,85
2019-05-30 19:33:47,85
2019-05-30 19:33:54,78
2019-05-30 19:33:59,76
2019-05-30 19:34:02,76
2019-05-30 19:34:09,79
2019-05-30 19:34:10,78
2019-05-30 19:34:15,80
2019-05-30 19:34:24,84
2019-05-30 19:34:29,83
2019-05-30 19:34:33,83
2019-05-30 19:34:35,83
2019-05-30 19:34:44,75
2019-05-30 19:34:49,75
2019-05-30 19:34:52,75
2019-05-30 19:34:59,75
2019-05-30 19:35:03,75
2019-05-30 19:35:05,75
2019-05-30 19:35:14,73
2019-05-30 19:35:16,73
2019-05-30 19:35:20,75
2019-05-30 19:35:29,90
2019-05-30 19:35:34,90
2019-05-30 19:35:36,88
2019-05-30 19:35:43,80
2019-05-30 19:35:49,77
2019-05-30 19:35:54,77
2019-05-30 19:35:58,78
2019-05-30 19:36:00,78
2019-05-30 19:36:09,89
2019-05-30 19:36:11,88
2019-05-30 19:36:19,79
2019-05-30 19:36:24,78
2019-05-30 19:36:26,77
2019-05-30 19:36:33,77
2019-05-30 19:36:39,79
2019-05-30 19:36:40,79
2019-05-30 19:36:47,79
2019-05-30 19:36:52,78
2019-05-30 19:36:55,82
2019-05-30 19:37:03,90
2019-05-30 19:37:06,91
2019-05-30 19:37:10,94
2019-05-30 19:37:15,85
2019-05-30 19:37:24,77
2019-05-30 19:37:29,82
2019-05-30 19:37:33,81
2019-05-30 19:37:38,79
2019-05-30 19:37:44,79
2019-05-30 19:37:49,79
2019-05-30 19:37:50,79
2019-05-30 19:37:55,77
2019-05-30 19:38:04,73
2019-05-30 19:38:08,74
2019-05-30 19:38:13,74
2019-05-30 19:38:18,72
2019-05-30 19:38:20,74
2019-05-30 19:38:26,82
2019-05-30 19:38:34,88
2019-05-30 19:38:35,86
2019-05-30 19:38:43,78
2019-05-30 19:38:45,77
2019-05-30 19:38:54,72
2019-05-30 19:38:59,71
2019-05-30 19:39:00,71
2019-05-30 19:39:08,70
2019-05-30 19:39:12,70
2019-05-30 19:39:15,71
2019-05-30 19:39:24,74
2019-05-30 19:39:25,74
2019-05-30 19:39:30,74
2019-05-30 19:39:36,81
2019-05-30 19:39:40,76
2019-05-30 19:39:49,71
2019-05-30 19:39:54,72
2019-05-30 19:39:59,72
2019-05-30 19:40:03,72
2019-05-30 19:40:07,73
2019-05-30 19:40:10,73
2019-05-30 19:40:18,75
2019-05-30 19:40:20,74
2019-05-30 19:40:25,75
2019-05-30 19:40:30,79
2019-05-30 19:40:37,83
2019-05-30 19:40:44,86
2019-05-30 19:40:45,85
2019-05-30 19:40:54,80
2019-05-30 19:40:55,80
2019-05-30 19:41:01,83
2019-05-30 19:41:05,83
2019-05-30 19:41:10,89
2019-05-30 19:41:19,105
2019-05-30 19:41:22,102
2019-05-30 19:41:25,98
2019-05-30 19:41:34,85
2019-05-30 19:41:39,83
2019-05-30 19:41:40,82
2019-05-30 19:41:46,80
2019-05-30 19:41:54,75
2019-05-30 19:41:55,75
2019-05-30 19:42:04,81
2019-05-30 19:42:05,80
2019-05-30 19:42:14,71
2019-05-30 19:42:16,72
2019-05-30 19:42:23,80
2019-05-30 19:42:25,79
2019-05-30 19:42:34,74
2019-05-30 19:42:35,74
2019-05-30 19:42:44,77
2019-05-30 19:42:46,77
2019-05-30 19:42:50,77
2019-05-30 19:42:59,75
2019-05-30 19:43:04,75
2019-05-30 19:43:05,75
2019-05-30 19:43:12,75
2019-05-30 19:43:16,76
2019-05-30 19:43:20,75
2019-05-30 19:43:29,75
2019-05-30 19:43:30,75
2019-05-30 19:43:39,73
2019-05-30 19:43:43,75
2019-05-30 19:43:45,75
2019-05-30 19:43:54,82
2019-05-30 19:43:57,81
2019-05-30 19:44:00,82
2019-05-30 19:44:05,86
2019-05-30 19:44:10,82
2019-05-30 19:44:19,93
2019-05-30 19:44:21,94
2019-05-30 19:44:29,85
2019-05-30 19:44:31,85
2019-05-30 19:44:39,79
2019-05-30 19:44:43,80
2019-05-30 19:44:45,80
2019-05-30 19:44:53,81
2019-05-30 19:44:55,82
2019-05-30 19:45:04,101
2019-05-30 19:45:09,95
2019-05-30 19:45:13,95
2019-05-30 19:45:15,92
2019-05-30 19:45:24,81
2019-05-30 19:45:25,81
2019-05-30 19:45:34,78
2019-05-30 19:45:39,82
2019-05-30 19:45:40,82
2019-05-30 19:45:48,80
2019-05-30 19:45:51,80
2019-05-30 19:45:59,77
2019-05-30 19:46:04,79
2019-05-30 19:46:05,79
2019-05-30 19:46:13,84
2019-05-30 19:46:18,80
2019-05-30 19:46:24,78
2019-05-30 19:46:26,78
2019-05-30 19:46:34,75
2019-05-30 19:46:35,75
2019-05-30 19:46:43,80
2019-05-30 19:46:45,79
2019-05-30 19:46:54,92
2019-05-30 19:46:59,85
2019-05-30 19:47:00,85
2019-05-30 19:47:09,81
2019-05-30 19:47:11,82
2019-05-30 19:47:15,80
2019-05-30 19:47:24,74
2019-05-30 19:47:25,74
2019-05-30 19:47:30,77
2019-05-30 19:47:39,71
2019-05-30 19:47:41,71
2019-05-30 19:47:49,70
2019-05-30 19:47:52,71
2019-05-30 19:47:59,76
2019-05-30 19:48:04,75
2019-05-30 19:48:06,74
2019-05-30 19:48:14,73
2019-05-30 19:48:19,73
2019-05-30 19:48:20,73
2019-05-30 19:48:29,72
2019-05-30 19:48:31,72
2019-05-30 19:48:35,72
2019-05-30 19:48:41,76
2019-05-30 19:48:45,77
2019-05-30 19:48:54,90
2019-05-30 19:48:55,90
2019-05-30 19:49:00,85
2019-05-30 19:49:09,75
2019-05-30 19:49:14,73
2019-05-30 19:49:17,73
2019-05-30 19:49:24,82
2019-05-30 19:49:25,82
2019-05-30 19:49:33,77
2019-05-30 19:49:37,76
2019-05-30 19:49:44,74
2019-05-30 19:49:49,74
2019-05-30 19:49:50,75
2019-05-30 19:49:58,80
2019-05-30 19:50:00,81
2019-05-30 19:50:09,88
2019-05-30 19:50:14,83
2019-05-30 19:50:18,84
2019-05-30 19:50:20,82
2019-05-30 19:50:29,75
2019-05-30 19:50:34,73
2019-05-30 19:50:39,72
2019-05-30 19:50:42,72
2019-05-30 19:50:49,74
2019-05-30 19:50:50,74
2019-05-30 19:50:58,79
2019-05-30 19:51:00,78
2019-05-30 19:51:09,73
2019-05-30 19:51:13,73
2019-05-30 19:51:19,75
2019-05-30 19:51:21,75
2019-05-30 19:51:26,80
2019-05-30 19:51:32,79
2019-05-30 19:51:39,92
2019-05-30 19:51:41,92
2019-05-30 19:51:49,84
2019-05-30 19:51:50,83
2019-05-30 19:51:57,78
2019-05-30 19:52:04,75
2019-05-30 19:52:05,75
2019-05-30 19:52:11,74
2019-05-30 19:52:17,80
2019-05-30 19:52:24,73
2019-05-30 19:52:29,71
2019-05-30 19:52:34,71
2019-05-30 19:52:36,72
2019-05-30 19:52:44,78
2019-05-30 19:52:49,82
2019-05-30 19:52:50,81
2019-05-30 19:52:55,76
2019-05-30 19:53:04,70
2019-05-30 19:53:08,70
2019-05-30 19:53:12,71
2019-05-30 19:53:18,70
2019-05-30 19:53:21,71
2019-05-30 19:53:27,70
2019-05-30 19:53:30,70
2019-05-30 19:53:36,76
2019-05-30 19:53:42,80
2019-05-30 19:53:49,82
2019-05-30 19:53:53,80
2019-05-30 19:53:55,81
2019-05-30 19:54:04,73
2019-05-30 19:54:09,72
2019-05-30 19:54:10,72
2019-05-30 19:54:18,70
2019-05-30 19:54:21,70
2019-05-30 19:54:26,71
2019-05-30 19:54:32,70
2019-05-30 19:54:37,71
2019-05-30 19:54:44,73
2019-05-30 19:54:45,73
2019-05-30 19:54:53,71
2019-05-30 19:54:55,71
2019-05-30 19:55:00,73
2019-05-30 19:55:09,83
2019-05-30 19:55:12,82
2019-05-30 19:55:19,77
2019-05-30 19:55:20,77
2019-05-30 19:55:29,72
2019-05-30 19:55:34,71
2019-05-30 19:55:35,71
2019-05-30 19:55:40,71
2019-05-30 19:55:47,68
2019-05-30 19:55:50,68
2019-05-30 19:55:56,67
2019-05-30 19:56:03,68
2019-05-30 19:56:09,71
2019-05-30 19:56:12,70
2019-05-30 19:56:15,71
2019-05-30 19:56:23,76
2019-05-30 19:56:29,78
2019-05-30 19:56:30,78
2019-05-30 19:56:39,70
2019-05-30 19:56:44,69
2019-05-30 19:56:47,69
2019-05-30 19:56:51,70
2019-05-30 19:56:58,69
2019-05-30 19:57:00,69
2019-05-30 19:57:09,73
2019-05-30 19:57:14,71
2019-05-30 19:57:16,72
2019-05-30 19:57:24,75
2019-05-30 19:57:25,75
2019-05-30 19:57:30,76
2019-05-30 19:57:38,76
2019-05-30 19:57:41,76
2019-05-30 19:57:47,80
2019-05-30 19:57:50,77
2019-05-30 19:57:59,67
2019-05-30 19:58:04,69
2019-05-30 19:58:05,69
2019-05-30 19:58:14,67
2019-05-30 19:58:15,67
2019-05-30 19:58:22,71
2019-05-30 19:58:28,72
2019-05-30 19:58:30,72
2019-05-30 19:58:39,76
2019-05-30 19:58:40,76
2019-05-30 19:58:47,73
2019-05-30 19:58:51,72
2019-05-30 19:58:59,69
2019-05-30 19:59:03,69
2019-05-30 19:59:05,70
2019-05-30 19:59:10,71
2019-05-30 19:59:15,73
2019-05-30 19:59:24,82
2019-05-30 19:59:25,81
2019-05-30 19:59:31,79
2019-05-30 19:59:39,77
2019-05-30 19:59:43,78
2019-05-30 19:59:45,78
2019-05-30 19:59:54,82
2019-05-30 19:59:56,82
2019-05-30 20:00:00,84
2019-05-30 20:00:08,115
2019-05-30 20:00:10,110
2019-05-30 20:00:19,75
2019-05-30 20:00:24,73
2019-05-30 20:00:29,73
2019-05-30 20:00:34,76
2019-05-30 20:00:37,76
2019-05-30 20:00:44,72
2019-05-30 20:00:45,72
2019-05-30 20:00:50,70
2019-05-30 20:00:59,67
2019-05-30 20:01:00,67
2019-05-30 20:01:06,68
2019-05-30 20:01:14,71
2019-05-30 20:01:15,71
2019-05-30 20:01:24,76
2019-05-30 20:01:26,76
2019-05-30 20:01:31,78
2019-05-30 20:01:35,76
2019-05-30 20:01:44,71
2019-05-30 20:01:45,71
2019-05-30 20:01:54,70
2019-05-30 20:01:58,72
2019-05-30 20:02:03,70
2019-05-30 20:02:09,73
2019-05-30 20:02:11,73
2019-05-30 20:02:19,70
2019-05-30 20:02:20,71
2019-05-30 20:02:29,73
2019-05-30 20:02:30,73
2019-05-30 20:02:39,71
2019-05-30 20:02:43,72
2019-05-30 20:02:45,73
2019-05-30 20:02:51,70
2019-05-30 20:02:57,70
2019-05-30 20:03:00,71
2019-05-30 20:03:08,70
2019-05-30 20:03:12,71
2019-05-30 20:03:19,71
2019-05-30 20:03:20,72
2019-05-30 20:03:26,76
2019-05-30 20:03:33,74
2019-05-30 20:03:35,75
2019-05-30 20:03:42,76
2019-05-30 20:03:45,77
2019-05-30 20:03:50,89
2019-05-30 20:03:57,97
2019-05-30 20:04:03,83
2019-05-30 20:04:08,77
2019-05-30 20:04:14,74
2019-05-30 20:04:17,74
2019-05-30 20:04:24,71
2019-05-30 20:04:25,71
2019-05-30 20:04:34,77
2019-05-30 20:04:36,77
2019-05-30 20:04:40,79
2019-05-30 20:04:49,70
2019-05-30 20:04:54,68
2019-05-30 20:04:59,67
2019-05-30 20:05:01,68
2019-05-30 20:05:05,71
2019-05-30 20:05:14,76
2019-05-30 20:05:15,76
2019-05-30 20:05:24,70
2019-05-30 20:05:29,68
2019-05-30 20:05:33,68
2019-05-30 20:05:38,70
2019-05-30 20:05:43,70
2019-05-30 20:05:45,70
2019-05-30 20:05:50,71
2019-05-30 20:05:59,85
2019-05-30 20:06:02,85
2019-05-30 20:06:07,88
2019-05-30 20:06:14,81
2019-05-30 20:06:17,82
2019-05-30 20:06:24,80
2019-05-30 20:06:25,79
2019-05-30 20:06:30,77
2019-05-30 20:06:39,74
2019-05-30 20:06:40,74
2019-05-30 20:06:47,82
2019-05-30 20:06:54,76
2019-05-30 20:06:57,76
2019-05-30 20:07:00,76
2019-05-30 20:07:09,70
2019-05-30 20:07:13,71
2019-05-30 20:07:15,71
2019-05-30 20:07:23,69
2019-05-30 20:07:28,72
2019-05-30 20:07:33,71
2019-05-30 20:07:38,73
2019-05-30 20:07:41,72
2019-05-30 20:07:48,70
2019-05-30 20:07:52,70
2019-05-30 20:07:59,68
2019-05-30 20:08:01,69
2019-05-30 20:08:08,68
2019-05-30 20:08:13,69
2019-05-30 20:08:15,69
2019-05-30 20:08:24,79
2019-05-30 20:08:29,79
2019-05-30 20:08:30,79
2019-05-30 20:08:39,86
2019-05-30 20:08:40,85
2019-05-30 20:08:49,80
2019-05-30 20:08:50,80
2019-05-30 20:08:59,76
2019-05-30 20:09:00,76
2019-05-30 20:09:05,82
2019-05-30 20:09:14,79
2019-05-30 20:09:15,80
2019-05-30 20:09:23,77
2019-05-30 20:09:28,79
2019-05-30 20:09:30,78
2019-05-30 20:09:39,71
2019-05-30 20:09:43,72
2019-05-30 20:09:47,71
2019-05-30 20:09:54,69
2019-05-30 20:09:55,70
2019-05-30 20:10:02,74
2019-05-30 20:10:05,73
2019-05-30 20:10:14,69
2019-05-30 20:10:19,72
2019-05-30 20:10:21,72
2019-05-30 20:10:28,71
2019-05-30 20:10:30,71
2019-05-30 20:10:35,73
2019-05-30 20:10:44,79
2019-05-30 20:10:49,79
2019-05-30 20:10:52,79
2019-05-30 20:10:58,79
2019-05-30 20:11:00,78
2019-05-30 20:11:08,75
2019-05-30 20:11:10,74
2019-05-30 20:11:19,72
2019-05-30 20:11:20,73
2019-05-30 20:11:29,76
2019-05-30 20:11:34,75
2019-05-30 20:11:35,75
2019-05-30 20:11:44,87
2019-05-30 20:11:49,86
2019-05-30 20:11:51,85
2019-05-30 20:11:55,84
2019-05-30 20:12:03,83
2019-05-30 20:12:07,81
2019-05-30 20:12:10,79
2019-05-30 20:12:18,75
2019-05-30 20:12:22,75
2019-05-30 20:12:29,76
2019-05-30 20:12:30,76
2019-05-30 20:12:35,73
2019-05-30 20:12:44,69
2019-05-30 20:12:49,69
2019-05-30 20:12:50,69
2019-05-30 20:12:55,68
2019-05-30 20:13:00,68
2019-05-30 20:13:08,68
2019-05-30 20:13:10,69
2019-05-30 20:13:19,84
2019-05-30 20:13:24,79
2019-05-30 20:13:26,80
2019-05-30 20:13:34,90
2019-05-30 20:13:38,86
2019-05-30 20:13:40,86
2019-05-30 20:13:49,78
2019-05-30 20:13:54,76
2019-05-30 20:13:57,76
2019-05-30 20:14:02,78
2019-05-30 20:14:05,77
2019-05-30 20:14:14,72
2019-05-30 20:14:15,72
2019-05-30 20:14:20,71
2019-05-30 20:14:28,68
2019-05-30 20:14:30,72
2019-05-30 20:14:39,102
2019-05-30 20:14:40,101
2019-05-30 20:14:49,92
2019-05-30 20:14:50,93
2019-05-30 20:14:55,85
2019-05-30 20:15:04,76
2019-05-30 20:15:09,74
2019-05-30 20:15:13,74
2019-05-30 20:15:15,75
2019-05-30 20:15:20,80
2019-05-30 20:15:29,72
2019-05-30 20:15:32,71
2019-05-30 20:15:39,67
2019-05-30 20:15:43,67
2019-05-30 20:15:45,67
2019-05-30 20:15:54,75
2019-05-30 20:15:55,75
2019-05-30 20:16:04,91
2019-05-30 20:16:08,85
2019-05-30 20:16:14,81
2019-05-30 20:16:18,82
2019-05-30 20:16:24,84
2019-05-30 20:16:25,84
2019-05-30 20:16:31,82
2019-05-30 20:16:39,76
2019-05-30 20:16:44,76
2019-05-30 20:16:45,77
2019-05-30 20:16:53,76
2019-05-30 20:16:55,76
2019-05-30 20:17:03,74
2019-05-30 20:17:05,74
2019-05-30 20:17:14,72
2019-05-30 20:17:17,71
2019-05-30 20:17:20,71
2019-05-30 20:17:25,70
2019-05-30 20:17:34,69
2019-05-30 20:17:35,70
2019-05-30 20:17:44,74
2019-05-30 20:17:45,74
2019-05-30 20:17:51,72
2019-05-30 20:17:59,81
2019-05-30 20:18:00,81
2019-05-30 20:18:09,70
2019-05-30 20:18:14,69
2019-05-30 20:18:19,68
2019-05-30 20:18:24,68
2019-05-30 20:18:27,68
2019-05-30 20:18:30,68
2019-05-30 20:18:36,68
2019-05-30 20:18:43,70
2019-05-30 20:18:49,73
2019-05-30 20:18:50,73
2019-05-30 20:18:59,67
2019-05-30 20:19:03,68
2019-05-30 20:19:07,68
2019-05-30 20:19:14,74
2019-05-30 20:19:17,73
2019-05-30 20:19:24,76
2019-05-30 20:19:28,74
2019-05-30 20:19:30,73
2019-05-30 20:19:37,71
2019-05-30 20:19:40,70
2019-05-30 20:19:49,68
2019-05-30 20:19:54,69
2019-05-30 20:19:58,70
2019-05-30 20:20:01,70
2019-05-30 20:20:09,71
2019-05-30 20:20:14,70
2019-05-30 20:20:15,70
2019-05-30 20:20:20,70
2019-05-30 20:20:25,76
2019-05-30 20:20:34,83
2019-05-30 20:20:36,82
2019-05-30 20:20:44,74
2019-05-30 20:20:49,74
2019-05-30 20:20:50,74
2019-05-30 20:20:59,70
2019-05-30 20:21:01,71
2019-05-30 20:21:09,70
2019-05-30 20:21:14,70
2019-05-30 20:21:18,70
2019-05-30 20:21:21,71
2019-05-30 20:21:29,72
2019-05-30 20:21:30,72
2019-05-30 20:21:39,70
2019-05-30 20:21:41,70
2019-05-30 20:21:46,68
2019-05-30 20:21:52,67
2019-05-30 20:21:58,67
2019-05-30 20:22:02,67
2019-05-30 20:22:06,68
2019-05-30 20:22:10,68
2019-05-30 20:22:19,66
2019-05-30 20:22:24,65
2019-05-30 20:22:29,65
2019-05-30 20:22:31,65
2019-05-30 20:22:35,65
2019-05-30 20:22:43,68
2019-05-30 20:22:46,67
2019-05-30 20:22:54,71
2019-05-30 20:22:55,71
2019-05-30 20:23:00,70
2019-05-30 20:23:05,69
2019-05-30 20:23:14,67
2019-05-30 20:23:17,66
2019-05-30 20:23:20,66
2019-05-30 20:23:26,71
2019-05-30 20:23:34,69
2019-05-30 20:23:35,69
2019-05-30 20:23:43,74
2019-05-30 20:23:45,73
2019-05-30 20:23:54,68
2019-05-30 20:23:59,67
2019-05-30 20:24:04,68
2019-05-30 20:24:09,69
2019-05-30 20:24:10,68
2019-05-30 20:24:17,68
2019-05-30 20:24:23,67
2019-05-30 20:24:25,68
2019-05-30 20:24:34,81
2019-05-30 20:24:38,81
2019-05-30 20:24:41,79
2019-05-30 20:24:49,76
2019-05-30 20:24:51,75
2019-05-30 20:24:55,74
2019-05-30 20:25:04,71
2019-05-30 20:25:08,70
2019-05-30 20:25:14,70
2019-05-30 20:25:15,70
2019-05-30 20:25:23,72
2019-05-30 20:25:27,73
2019-05-30 20:25:30,71
2019-05-30 20:25:39,67
2019-05-30 20:25:42,66
2019-05-30 20:25:49,65
2019-05-30 20:25:51,66
2019-05-30 20:25:58,68
2019-05-30 20:26:00,68
2019-05-30 20:26:05,71
2019-05-30 20:26:13,67
2019-05-30 20:26:15,69
2019-05-30 20:26:20,72
2019-05-30 20:26:29,84
2019-05-30 20:26:34,84
2019-05-30 20:26:35,84
2019-05-30 20:26:44,75
2019-05-30 20:26:47,74
2019-05-30 20:26:52,78
2019-05-30 20:26:59,74
2019-05-30 20:27:04,78
2019-05-30 20:27:06,77
2019-05-30 20:27:10,78
2019-05-30 20:27:19,101
2019-05-30 20:27:24,108
2019-05-30 20:27:28,106
2019-05-30 20:27:32,99
2019-05-30 20:27:39,90
2019-05-30 20:27:44,88
2019-05-30 20:27:46,89
2019-05-30 20:27:50,93
2019-05-30 20:27:59,80
2019-05-30 20:28:02,81
2019-05-30 20:28:09,83
2019-05-30 20:28:14,86
2019-05-30 20:28:19,87
2019-05-30 20:28:20,88
2019-05-30 20:28:28,90
2019-05-30 20:28:30,89
2019-05-30 20:28:35,92
2019-05-30 20:28:44,95
2019-05-30 20:28:47,95
2019-05-30 20:28:52,94
2019-05-30 20:28:55,94
2019-05-30 20:29:01,90
2019-05-30 20:29:06,95
2019-05-30 20:29:10,90
2019-05-30 20:29:19,86
2019-05-30 20:29:21,84
2019-05-30 20:29:29,77
2019-05-30 20:29:33,74
2019-05-30 20:29:38,72
2019-05-30 20:29:44,69
2019-05-30 20:29:49,70
2019-05-30 20:29:50,70
2019-05-30 20:29:58,71
2019-05-30 20:30:01,72
2019-05-30 20:30:07,75
2019-05-30 20:30:10,77
2019-05-30 20:30:19,84
2019-05-30 20:30:21,84
2019-05-30 20:30:28,83
2019-05-30 20:30:34,90
2019-05-30 20:30:39,97
2019-05-30 20:30:41,98
2019-05-30 20:30:45,102
2019-05-30 20:30:54,92
2019-05-30 20:30:59,92
2019-05-30 20:31:03,93
2019-05-30 20:31:09,98
2019-05-30 20:31:11,97
2019-05-30 20:31:15,95
2019-05-30 20:31:21,86
2019-05-30 20:31:29,81
2019-05-30 20:31:34,84
2019-05-30 20:31:35,84
2019-05-30 20:31:44,79
2019-05-30 20:31:47,79
2019-05-30 20:31:51,79
2019-05-30 20:31:55,79
2019-05-30 20:32:04,87
2019-05-30 20:32:05,87
2019-05-30 20:32:11,87
2019-05-30 20:32:19,87
2019-05-30 20:32:22,86
2019-05-30 20:32:25,88
2019-05-30 20:32:33,86
2019-05-30 20:32:35,88
2019-05-30 20:32:44,97
2019-05-30 20:32:49,97
2019-05-30 20:32:53,97
2019-05-30 20:32:55,97
2019-05-30 20:33:00,92
2019-05-30 20:33:09,86
2019-05-30 20:33:11,86
2019-05-30 20:33:16,86
2019-05-30 20:33:22,94
2019-05-30 20:33:25,90
2019-05-30 20:33:34,80
2019-05-30 20:33:39,82
2019-05-30 20:33:41,81
2019-05-30 20:33:49,75
2019-05-30 20:33:54,74
2019-05-30 20:33:56,74
2019-05-30 20:34:03,73
2019-05-30 20:34:08,73
2019-05-30 20:34:11,72
2019-05-30 20:34:17,70
2019-05-30 20:34:23,72
2019-05-30 20:34:27,72
2019-05-30 20:34:30,73
2019-05-30 20:34:39,80
2019-05-30 20:34:44,76
2019-05-30 20:34:48,76
2019-05-30 20:34:54,79
2019-05-30 20:34:59,77
2019-05-30 20:35:01,77
2019-05-30 20:35:07,78
2019-05-30 20:35:10,77
2019-05-30 20:35:17,82
2019-05-30 20:35:21,85
2019-05-30 20:35:29,88
2019-05-30 20:35:30,88
2019-05-30 20:35:39,82
2019-05-30 20:35:41,82
2019-05-30 20:35:49,92
2019-05-30 20:35:52,92
2019-05-30 20:35:59,97
2019-05-30 20:36:01,98
2019-05-30 20:36:05,97
2019-05-30 20:36:14,96
2019-05-30 20:36:17,97
2019-05-30 20:36:20,97
2019-05-30 20:36:29,93
2019-05-30 20:36:30,94
2019-05-30 20:36:39,87
2019-05-30 20:36:40,87
2019-05-30 20:36:46,92
2019-05-30 20:36:54,96
2019-05-30 20:36:56,97
2019-05-30 20:37:00,94
2019-05-30 20:37:09,83
2019-05-30 20:37:13,80
2019-05-30 20:37:19,78
2019-05-30 20:37:22,78
2019-05-30 20:37:25,78
2019-05-30 20:37:34,74
2019-05-30 20:37:35,74
2019-05-30 20:37:43,80
2019-05-30 20:37:49,84
2019-05-30 20:37:50,84
2019-05-30 20:37:59,77
2019-05-30 20:38:02,77
2019-05-30 20:38:05,78
2019-05-30 20:38:14,73
2019-05-30 20:38:15,73
2019-05-30 20:38:23,84
2019-05-30 20:38:28,86
2019-05-30 20:38:34,81
2019-05-30 20:38:37,81
2019-05-30 20:38:40,81
2019-05-30 20:38:49,74
2019-05-30 20:38:54,71
2019-05-30 20:38:59,70
2019-05-30 20:39:00,70
2019-05-30 20:39:09,70
2019-05-30 20:39:11,70
2019-05-30 20:39:15,72
2019-05-30 20:39:24,72
2019-05-30 20:39:28,72
2019-05-30 20:39:30,73
2019-05-30 20:39:39,84
2019-05-30 20:39:44,82
2019-05-30 20:39:45,82
2019-05-30 20:39:50,80
2019-05-30 20:39:59,76
2019-05-30 20:40:00,77
2019-05-30 20:40:09,70
2019-05-30 20:40:13,71
2019-05-30 20:40:19,75
2019-05-30 20:40:24,74
2019-05-30 20:40:25,75
2019-05-30 20:40:32,71
2019-05-30 20:40:36,69
2019-05-30 20:40:44,65
2019-05-30 20:40:48,65
2019-05-30 20:40:50,68
2019-05-30 20:40:58,74
2019-05-30 20:41:04,70
2019-05-30 20:41:09,72
2019-05-30 20:41:10,72
2019-05-30 20:41:15,70
2019-05-30 20:41:24,78
2019-05-30 20:41:29,77
2019-05-30 20:41:34,80
2019-05-30 20:41:36,80
2019-05-30 20:41:40,81
2019-05-30 20:41:48,101
2019-05-30 20:41:51,105
2019-05-30 20:41:55,106
2019-05-30 20:42:04,99
2019-05-30 20:42:05,98
2019-05-30 20:42:11,88
2019-05-30 20:42:19,91
2019-05-30 20:42:24,88
2019-05-30 20:42:26,88
2019-05-30 20:42:30,86
2019-05-30 20:42:39,81
2019-05-30 20:42:40,82
2019-05-30 20:42:49,90
2019-05-30 20:42:51,90
2019-05-30 20:42:59,91
2019-05-30 20:43:04,86
2019-05-30 20:43:08,87
2019-05-30 20:43:10,88
2019-05-30 20:43:19,82
2019-05-30 20:43:22,84
2019-05-30 20:43:29,78
2019-05-30 20:43:34,77
2019-05-30 20:43:35,76
2019-05-30 20:43:40,73
2019-05-30 20:43:45,69
2019-05-30 20:43:54,64
2019-05-30 20:43:57,65
2019-05-30 20:44:02,66
2019-05-30 20:44:05,66
2019-05-30 20:44:10,68
2019-05-30 20:44:19,72
2019-05-30 20:44:22,71
2019-05-30 20:44:25,70
2019-05-30 20:44:34,75
2019-05-30 20:44:35,75
2019-05-30 20:44:43,67
2019-05-30 20:44:47,67
2019-05-30 20:44:53,71
2019-05-30 20:44:59,69
2019-05-30 20:45:04,73
2019-05-30 20:45:05,73
2019-05-30 20:45:14,66
2019-05-30 20:45:19,67
2019-05-30 20:45:24,66
2019-05-30 20:45:25,66
2019-05-30 20:45:33,66
2019-05-30 20:45:36,67
2019-05-30 20:45:42,67
2019-05-30 20:45:49,69
2019-05-30 20:45:51,69
2019-05-30 20:45:55,67
2019-05-30 20:46:04,66
2019-05-30 20:46:05,66
2019-05-30 20:46:10,68
2019-05-30 20:46:18,74
2019-05-30 20:46:20,72
2019-05-30 20:46:26,71
2019-05-30 20:46:32,74
2019-05-30 20:46:38,71
2019-05-30 20:46:40,72
2019-05-30 20:46:49,69
2019-05-30 20:46:53,71
2019-05-30 20:46:55,71
2019-05-30 20:47:02,69
2019-05-30 20:47:06,69
2019-05-30 20:47:10,70
2019-05-30 20:47:19,70
2019-05-30 20:47:20,70
2019-05-30 20:47:25,68
2019-05-30 20:47:33,66
2019-05-30 20:47:39,66
2019-05-30 20:47:40,65
2019-05-30 20:47:47,65
2019-05-30 20:47:51,67
2019-05-30 20:47:58,68
2019-05-30 20:48:02,69
2019-05-30 20:48:05,70
2019-05-30 20:48:14,74
2019-05-30 20:48:15,74
2019-05-30 20:48:20,71
2019-05-30 20:48:29,68
2019-05-30 20:48:32,68
2019-05-30 20:48:38,68
2019-05-30 20:48:42,68
2019-05-30 20:48:45,68
2019-05-30 20:48:53,68
2019-05-30 20:48:58,68
2019-05-30 20:49:02,68
2019-05-30 20:49:05,67
2019-05-30 20:49:11,66
2019-05-30 20:49:19,69
2019-05-30 20:49:20,68
2019-05-30 20:49:25,68
2019-05-30 20:49:34,67
2019-05-30 20:49:36,67
2019-05-30 20:49:40,67
2019-05-30 20:49:47,67
2019-05-30 20:49:51,66
2019-05-30 20:49:55,65
2019-05-30 20:50:04,64
2019-05-30 20:50:05,65
2019-05-30 20:50:12,67
2019-05-30 20:50:17,67
2019-05-30 20:50:20,67
2019-05-30 20:50:29,83
2019-05-30 20:50:31,83
2019-05-30 20:50:39,78
2019-05-30 20:50:40,78
2019-05-30 20:50:49,72
2019-05-30 20:50:54,69
2019-05-30 20:50:56,69
2019-05-30 20:51:04,81
2019-05-30 20:51:09,82
2019-05-30 20:51:10,82
2019-05-30 20:51:19,71
2019-05-30 20:51:24,69
2019-05-30 20:51:27,70
2019-05-30 20:51:30,70
2019-05-30 20:51:39,63
2019-05-30 20:51:44,64
2019-05-30 20:51:45,65
2019-05-30 20:51:53,67
2019-05-30 20:51:57,67
2019-05-30 20:52:02,66
2019-05-30 20:52:05,66
2019-05-30 20:52:14,72
2019-05-30 20:52:19,69
2019-05-30 20:52:22,69
2019-05-30 20:52:25,68
2019-05-30 20:52:33,66
2019-05-30 20:52:36,67
2019-05-30 20:52:44,70
2019-05-30 20:52:45,71
2019-05-30 20:52:54,73
2019-05-30 20:52:55,73
2019-05-30 20:53:00,72
2019-05-30 20:53:05,74
2019-05-30 20:53:14,73
2019-05-30 20:53:15,72
2019-05-30 20:53:21,72
2019-05-30 20:53:27,74
2019-05-30 20:53:32,72
2019-05-30 20:53:38,71
2019-05-30 20:53:44,73
2019-05-30 20:53:45,73
2019-05-30 20:53:51,73
2019-05-30 20:53:58,71
2019-05-30 20:54:01,71
2019-05-30 20:54:05,71
2019-05-30 20:54:10,69
2019-05-30 20:54:19,67
2019-05-30 20:54:23,66
2019-05-30 20:54:26,67
2019-05-30 20:54:30,67
2019-05-30 20:54:39,63
2019-05-30 20:54:40,64
2019-05-30 20:54:49,68
2019-05-30 20:54:53,68
2019-05-30 20:54:58,68
2019-05-30 20:55:00,68
2019-05-30 20:55:06,68
2019-05-30 20:55:11,68
2019-05-30 20:55:17,68
2019-05-30 20:55:24,69
2019-05-30 20:55:27,70
2019-05-30 20:55:30,70
2019-05-30 20:55:38,67
2019-05-30 20:55:41,67
2019-05-30 20:55:46,70
2019-05-30 20:55:50,71
2019-05-30 20:55:57,76
2019-05-30 20:56:04,72
2019-05-30 20:56:06,73
2019-05-30 20:56:10,75
2019-05-30 20:56:18,84
2019-05-30 20:56:24,77
2019-05-30 20:56:25,77
2019-05-30 20:56:32,94
2019-05-30 20:56:39,85
2019-05-30 20:56:44,90
2019-05-30 20:56:46,89
2019-05-30 20:56:50,85
2019-05-30 20:56:59,76
2019-05-30 20:57:04,73
2019-05-30 20:57:07,75
2019-05-30 20:57:10,74
2019-05-30 20:57:19,69
2019-05-30 20:57:22,69
2019-05-30 20:57:29,72
2019-05-30 20:57:30,72
2019-05-30 20:57:39,68
2019-05-30 20:57:43,68
2019-05-30 20:57:45,69
2019-05-30 20:57:54,85
2019-05-30 20:57:59,80
2019-05-30 20:58:00,80
2019-05-30 20:58:09,74
2019-05-30 20:58:14,78
2019-05-30 20:58:16,77
2019-05-30 20:58:21,73
2019-05-30 20:58:29,67
2019-05-30 20:58:34,65
2019-05-30 20:58:38,66
2019-05-30 20:58:40,66
2019-05-30 20:58:47,65
2019-05-30 20:58:54,71
2019-05-30 20:58:57,71
2019-05-30 20:59:01,69
2019-05-30 20:59:09,66
2019-05-30 20:59:13,66
2019-05-30 20:59:19,65
2019-05-30 20:59:20,65
2019-05-30 20:59:28,66
2019-05-30 20:59:30,66
2019-05-30 20:59:37,67
2019-05-30 20:59:43,65
2019-05-30 20:59:49,65
2019-05-30 20:59:52,65
2019-05-30 20:59:59,63
2019-05-30 21:00:01,63
2019-05-30 21:00:09,61
2019-05-30 21:00:14,61
2019-05-30 21:00:15,61
2019-05-30 21:00:24,62
2019-05-30 21:00:29,63
2019-05-30 21:00:31,63
2019-05-30 21:00:36,63
2019-05-30 21:00:40,66
2019-05-30 21:00:49,78
2019-05-30 21:00:50,78
2019-05-30 21:00:55,73
2019-05-30 21:01:04,66
2019-05-30 21:01:09,67
2019-05-30 21:01:10,67
2019-05-30 21:01:15,67
2019-05-30 21:01:20,73
2019-05-30 21:01:29,84
2019-05-30 21:01:33,81
2019-05-30 21:01:35,80
2019-05-30 21:01:44,72
2019-05-30 21:01:46,72
2019-05-30 21:01:53,68
2019-05-30 21:01:55,68
2019-05-30 21:02:04,66
2019-05-30 21:02:09,68
2019-05-30 21:02:13,68
2019-05-30 21:02:16,69
2019-05-30 21:02:20,71
2019-05-30 21:02:29,71
2019-05-30 21:02:34,69
2019-05-30 21:02:38,69
2019-05-30 21:02:44,72
2019-05-30 21:02:45,71
2019-05-30 21:02:52,68
2019-05-30 21:02:59,66
2019-05-30 21:03:01,66
2019-05-30 21:03:09,64
2019-05-30 21:03:13,64
2019-05-30 21:03:15,64
2019-05-30 21:03:20,63
2019-05-30 21:03:26,66
2019-05-30 21:03:33,64
2019-05-30 21:03:35,63
2019-05-30 21:03:42,64
2019-05-30 21:03:46,63
2019-05-30 21:03:53,64
2019-05-30 21:03:55,64
2019-05-30 21:04:02,62
2019-05-30 21:04:05,65
2019-05-30 21:04:12,72
2019-05-30 21:04:19,70
2019-05-30 21:04:20,70
2019-05-30 21:04:27,75
2019-05-30 21:04:31,73
2019-05-30 21:04:35,72
2019-05-30 21:04:40,75
2019-05-30 21:04:45,77
2019-05-30 21:04:54,74
2019-05-30 21:04:57,75
2019-05-30 21:05:04,73
2019-05-30 21:05:09,72
2019-05-30 21:05:13,71
2019-05-30 21:05:18,72
2019-05-30 21:05:20,71
2019-05-30 21:05:27,68
2019-05-30 21:05:31,76
2019-05-30 21:05:37,84
2019-05-30 21:05:44,74
2019-05-30 21:05:49,73
2019-05-30 21:05:51,72
2019-05-30 21:05:59,66
2019-05-30 21:06:04,66
2019-05-30 21:06:05,66
2019-05-30 21:06:10,65
2019-05-30 21:06:19,62
2019-05-30 21:06:24,62
2019-05-30 21:06:29,62
2019-05-30 21:06:30,63
2019-05-30 21:06:39,62
2019-05-30 21:06:42,62
2019-05-30 21:06:46,62
2019-05-30 21:06:51,63
2019-05-30 21:06:59,62
2019-05-30 21:07:02,62
2019-05-30 21:07:05,61
2019-05-30 21:07:14,61
2019-05-30 21:07:19,61
2019-05-30 21:07:21,63
2019-05-30 21:07:27,65
2019-05-30 21:07:34,68
2019-05-30 21:07:35,67
2019-05-30 21:07:40,65
2019-05-30 21:07:49,63
2019-05-30 21:07:50,63
2019-05-30 21:07:57,71
2019-05-30 21:08:04,67
2019-05-30 21:08:09,66
2019-05-30 21:08:10,65
2019-05-30 21:08:19,64
2019-05-30 21:08:22,64
2019-05-30 21:08:25,64
2019-05-30 21:08:34,62
2019-05-30 21:08:39,62
2019-05-30 21:08:40,62
2019-05-30 21:08:49,61
2019-05-30 21:08:54,60
2019-05-30 21:08:57,60
2019-05-30 21:09:03,62
2019-05-30 21:09:09,62
2019-05-30 21:09:10,62
2019-05-30 21:09:17,61
2019-05-30 21:09:21,61
2019-05-30 21:09:27,60
2019-05-30 21:09:30,60
2019-05-30 21:09:36,61
2019-05-30 21:09:44,62
2019-05-30 21:09:49,62
2019-05-30 21:09:54,62
2019-05-30 21:09:56,62
2019-05-30 21:10:00,64
2019-05-30 21:10:08,80
2019-05-30 21:10:14,88
2019-05-30 21:10:17,90
2019-05-30 21:10:20,86
2019-05-30 21:10:29,73
2019-05-30 21:10:33,70
2019-05-30 21:10:39,68
2019-05-30 21:10:44,67
2019-05-30 21:10:48,67
2019-05-30 21:10:51,67
2019-05-30 21:10:55,65
2019-05-30 21:11:04,64
2019-05-30 21:11:05,64
2019-05-30 21:11:13,64
2019-05-30 21:11:17,64
2019-05-30 21:11:21,65
2019-05-30 21:11:29,66
2019-05-30 21:11:30,66
2019-05-30 21:11:39,76
2019-05-30 21:11:44,75
2019-05-30 21:11:45,75
2019-05-30 21:11:50,73
2019-05-30 21:11:59,78
2019-05-30 21:12:00,77
2019-05-30 21:12:07,72
2019-05-30 21:12:12,68
2019-05-30 21:12:19,65
2019-05-30 21:12:21,65
2019-05-30 21:12:29,62
2019-05-30 21:12:34,61
2019-05-30 21:12:36,62
2019-05-30 21:12:44,61
2019-05-30 21:12:45,61
2019-05-30 21:12:50,66
2019-05-30 21:12:59,73
2019-05-30 21:13:01,73
2019-05-30 21:13:09,96
2019-05-30 21:13:13,104
2019-05-30 21:13:15,103
2019-05-30 21:13:24,74
2019-05-30 21:13:29,73
2019-05-30 21:13:33,74
2019-05-30 21:13:39,76
2019-05-30 21:13:42,74
2019-05-30 21:13:49,78
2019-05-30 21:13:54,74
2019-05-30 21:13:55,74
2019-05-30 21:14:04,68
2019-05-30 21:14:09,69
2019-05-30 21:14:10,69
2019-05-30 21:14:19,65
2019-05-30 21:14:20,66
2019-05-30 21:14:29,73
2019-05-30 21:14:34,72
2019-05-30 21:14:35,72
2019-05-30 21:14:44,68
2019-05-30 21:14:47,68
2019-05-30 21:14:53,67
2019-05-30 21:14:59,72
2019-05-30 21:15:01,72
2019-05-30 21:15:09,68
2019-05-30 21:15:11,69
2019-05-30 21:15:15,68
2019-05-30 21:15:22,66
2019-05-30 21:15:26,66
2019-05-30 21:15:33,64
2019-05-30 21:15:39,62
2019-05-30 21:15:44,62
2019-05-30 21:15:45,62
2019-05-30 21:15:50,66
2019-05-30 21:15:58,70
2019-05-30 21:16:00,68
2019-05-30 21:16:09,64
2019-05-30 21:16:13,65
2019-05-30 21:16:19,65
2019-05-30 21:16:22,66
2019-05-30 21:16:26,66
2019-05-30 21:16:30,67
2019-05-30 21:16:35,70
2019-05-30 21:16:41,78
2019-05-30 21:16:49,69
2019-05-30 21:16:54,67
2019-05-30 21:16:55,66
2019-05-30 21:17:04,79
2019-05-30 21:17:07,78
2019-05-30 21:17:12,82
2019-05-30 21:17:15,80
2019-05-30 21:17:23,75
2019-05-30 21:17:28,79
2019-05-30 21:17:33,82
2019-05-30 21:17:35,80
2019-05-30 21:17:42,72
2019-05-30 21:17:49,66
2019-05-30 21:17:54,66
2019-05-30 21:17:55,67
2019-05-30 21:18:04,75
2019-05-30 21:18:05,74
2019-05-30 21:18:10,70
2019-05-30 21:18:18,66
2019-05-30 21:18:20,65
2019-05-30 21:18:29,61
2019-05-30 21:18:32,62
2019-05-30 21:18:35,64
2019-05-30 21:18:44,75
2019-05-30 21:18:49,70
2019-05-30 21:18:50,70
2019-05-30 21:18:58,78
2019-05-30 21:19:04,74
2019-05-30 21:19:07,75
2019-05-30 21:19:10,76
2019-05-30 21:19:15,79
2019-05-30 21:19:24,71
2019-05-30 21:19:29,68
2019-05-30 21:19:30,67
2019-05-30 21:19:39,63
2019-05-30 21:19:42,63
2019-05-30 21:19:48,68
2019-05-30 21:19:50,67
2019-05-30 21:19:59,62
2019-05-30 21:20:04,62
2019-05-30 21:20:05,63
2019-05-30 21:20:10,66
2019-05-30 21:20:17,70
2019-05-30 21:20:24,72
2019-05-30 21:20:25,72
2019-05-30 21:20:33,79
2019-05-30 21:20:39,79
2019-05-30 21:20:40,79
2019-05-30 21:20:48,71
2019-05-30 21:20:54,69
2019-05-30 21:20:56,70
2019-05-30 21:21:04,76
2019-05-30 21:21:05,76
2019-05-30 21:21:12,79
2019-05-30 21:21:15,77
2019-05-30 21:21:20,73
2019-05-30 21:21:28,67
2019-05-30 21:21:34,65
2019-05-30 21:21:39,64
2019-05-30 21:21:44,64
2019-05-30 21:21:45,64
2019-05-30 21:21:50,64
2019-05-30 21:21:59,61
2019-05-30 21:22:04,61
2019-05-30 21:22:07,61
2019-05-30 21:22:13,63
2019-05-30 21:22:16,62
2019-05-30 21:22:20,63
2019-05-30 21:22:29,81
2019-05-30 21:22:32,79
2019-05-30 21:22:39,73
2019-05-30 21:22:44,72
2019-05-30 21:22:49,71
2019-05-30 21:22:50,71
2019-05-30 21:22:55,70
2019-05-30 21:23:04,67
2019-05-30 21:23:05,66
2019-05-30 21:23:13,66
2019-05-30 21:23:15,65
2019-05-30 21:23:22,63
2019-05-30 21:23:26,63
2019-05-30 21:23:30,63
2019-05-30 21:23:39,77
2019-05-30 21:23:42,77
2019-05-30 21:23:49,71
2019-05-30 21:23:50,71
2019-05-30 21:23:59,66
2019-05-30 21:24:01,66
2019-05-30 21:24:09,74
2019-05-30 21:24:11,74
2019-05-30 21:24:15,80
2019-05-30 21:24:24,80
2019-05-30 21:24:29,80
2019-05-30 21:24:30,79
2019-05-30 21:24:39,70
2019-05-30 21:24:44,66
2019-05-30 21:24:48,67
2019-05-30 21:24:54,65
2019-05-30 21:24:56,65
2019-05-30 21:25:00,66
2019-05-30 21:25:09,63
2019-05-30 21:25:10,64
2019-05-30 21:25:19,65
2019-05-30 21:25:20,65
2019-05-30 21:25:29,73
2019-05-30 21:25:34,71
2019-05-30 21:25:36,71
2019-05-30 21:25:42,69
2019-05-30 21:25:48,73
2019-05-30 21:25:50,71
2019-05-30 21:25:56,67
2019-05-30 21:26:03,63
2019-05-30 21:26:09,61
2019-05-30 21:26:14,61
2019-05-30 21:26:16,61
2019-05-30 21:26:20,62
2019-05-30 21:26:29,68
2019-05-30 21:26:34,67
2019-05-30 21:26:39,66
2019-05-30 21:26:42,66
2019-05-30 21:26:49,66
2019-05-30 21:26:52,67
2019-05-30 21:26:57,66
2019-05-30 21:27:00,66
2019-05-30 21:27:09,63
2019-05-30 21:27:14,63
2019-05-30 21:27:15,63
2019-05-30 21:27:24,61
2019-05-30 21:27:26,62
2019-05-30 21:27:32,63
2019-05-30 21:27:39,61
2019-05-30 21:27:44,61
2019-05-30 21:27:45,62
2019-05-30 21:27:54,64
2019-05-30 21:27:56,64
2019-05-30 21:28:00,64
2019-05-30 21:28:09,63
2019-05-30 21:28:14,64
2019-05-30 21:28:19,65
2019-05-30 21:28:23,66
2019-05-30 21:28:29,65
2019-05-30 21:28:30,65
2019-05-30 21:28:35,71
2019-05-30 21:28:44,98
2019-05-30 21:28:49,107
2019-05-30 21:28:50,106
2019-05-30 21:28:59,90
2019-05-30 21:29:01,89
2019-05-30 21:29:09,78
2019-05-30 21:29:14,79
2019-05-30 21:29:18,79
2019-05-30 21:29:21,79
2019-05-30 21:29:25,81
2019-05-30 21:29:34,72
2019-05-30 21:29:37,71
2019-05-30 21:29:42,74
2019-05-30 21:29:49,68
2019-05-30 21:29:50,68
2019-05-30 21:29:59,72
2019-05-30 21:30:00,73
2019-05-30 21:30:06,79
2019-05-30 21:30:14,87
2019-05-30 21:30:19,82
2019-05-30 21:30:23,79
2019-05-30 21:30:26,78
2019-05-30 21:30:33,73
2019-05-30 21:30:38,70
2019-05-30 21:30:40,68
2019-05-30 21:30:49,66
2019-05-30 21:30:51,66
2019-05-30 21:30:55,67
2019-05-30 21:31:04,72
2019-05-30 21:31:08,71
2019-05-30 21:31:12,71
2019-05-30 21:31:17,70
2019-05-30 21:31:23,73
2019-05-30 21:31:27,72
2019-05-30 21:31:30,73
2019-05-30 21:31:38,71
2019-05-30 21:31:44,69
2019-05-30 21:31:49,70
2019-05-30 21:31:50,71
2019-05-30 21:31:55,68
2019-05-30 21:32:04,65
2019-05-30 21:32:07,64
2019-05-30 21:32:14,63
2019-05-30 21:32:16,63
2019-05-30 21:32:22,64
2019-05-30 21:32:25,63
2019-05-30 21:32:34,76
2019-05-30 21:32:39,74
2019-05-30 21:32:41,74
2019-05-30 21:32:47,73
2019-05-30 21:32:53,70
2019-05-30 21:32:55,70
2019-05-30 21:33:00,68
2019-05-30 21:33:09,64
2019-05-30 21:33:14,64
2019-05-30 21:33:17,65
2019-05-30 21:33:20,65
2019-05-30 21:33:25,67
2019-05-30 21:33:34,63
2019-05-30 21:33:35,63
2019-05-30 21:33:42,85
2019-05-30 21:33:49,89
2019-05-30 21:33:54,90
2019-05-30 21:33:56,91
2019-05-30 21:34:00,85
2019-05-30 21:34:07,77
2019-05-30 21:34:14,70
2019-05-30 21:34:19,71
2019-05-30 21:34:21,71
2019-05-30 21:34:29,74
2019-05-30 21:34:30,74
2019-05-30 21:34:39,65
2019-05-30 21:34:44,65
2019-05-30 21:34:47,65
2019-05-30 21:34:50,69
2019-05-30 21:34:56,81
2019-05-30 21:35:04,73
2019-05-30 21:35:09,71
2019-05-30 21:35:10,72
2019-05-30 21:35:25,79
2019-05-30 21:35:30,82
2019-05-30 21:35:38,81
2019-05-30 21:35:43,79
2019-05-30 21:35:46,80
2019-05-30 21:35:50,79
