"Timestamp","Application"
2019-05-25 09:35:49,"MonitorTool"
2019-05-25 09:35:52,"devenv"
2019-05-25 09:35:55,"explorer"
2019-05-25 09:35:56,"ShellExperienceHost"
2019-05-25 09:36:00,"explorer"
2019-05-25 09:53:09,"chrome"
2019-05-25 10:04:30,"explorer"
2019-05-25 10:04:33,"chrome"
2019-05-25 10:04:37,"Idle"
2019-05-25 10:04:38,"explorer"
2019-05-25 10:04:45,"chrome"
2019-05-25 10:29:38,"explorer"
2019-05-25 10:29:48,"chrome"
2019-05-25 10:30:47,"SearchUI"
2019-05-25 10:31:05,"explorer"
2019-05-25 10:31:19,"chrome"
2019-05-25 10:31:41,"explorer"
2019-05-25 10:31:56,"SearchUI"
2019-05-25 10:32:02,"explorer"
2019-05-25 10:32:05,"MendeleyDesktop"
2019-05-25 10:33:03,"explorer"
2019-05-25 10:33:05,"chrome"
2019-05-25 10:33:20,"POWERPNT"
2019-05-25 10:33:28,"chrome"
2019-05-25 10:33:32,"explorer"
2019-05-25 10:33:43,"WINWORD"
2019-05-25 10:33:47,"explorer"
2019-05-25 10:34:05,"SearchUI"
2019-05-25 10:34:09,"WINWORD"
2019-05-25 10:35:17,"explorer"
2019-05-25 10:35:21,"WINWORD"
2019-05-25 10:35:27,"explorer"
2019-05-25 10:35:32,"WINWORD"
2019-05-25 10:35:45,"explorer"
2019-05-25 10:35:46,"WINWORD"
2019-05-25 10:36:20,"explorer"
2019-05-25 10:36:21,"WINWORD"
2019-05-25 10:39:59,"Idle"
2019-05-25 10:40:00,"chrome"
2019-05-25 10:40:31,"explorer"
2019-05-25 10:40:42,"chrome"
2019-05-25 10:41:00,"explorer"
2019-05-25 10:41:18,"chrome"
2019-05-25 10:41:22,"explorer"
2019-05-25 10:41:27,"WINWORD"
2019-05-25 10:41:40,"explorer"
2019-05-25 10:45:30,"WINWORD"
2019-05-25 10:46:07,"MendeleyDesktop"
2019-05-25 10:47:35,"WINWORD"
2019-05-25 10:47:39,"MendeleyDesktop"
2019-05-25 10:48:23,"WINWORD"
2019-05-25 10:49:53,"explorer"
2019-05-25 10:50:02,"WINWORD"
2019-05-25 10:50:50,"explorer"
2019-05-25 10:50:51,"WINWORD"
2019-05-25 10:51:00,"chrome"
2019-05-25 10:51:59,"explorer"
2019-05-25 10:52:18,"chrome"
2019-05-25 10:52:30,"explorer"
2019-05-25 10:52:44,"WINWORD"
2019-05-25 10:54:55,"explorer"
2019-05-25 10:55:05,"WINWORD"
2019-05-25 11:07:08,"explorer"
2019-05-25 11:07:14,"WINWORD"
2019-05-25 11:07:57,"MendeleyDesktop"
2019-05-25 11:07:58,"explorer"
2019-05-25 11:08:03,"WINWORD"
2019-05-25 11:08:13,"MendeleyDesktop"
2019-05-25 11:08:14,"WINWORD"
2019-05-25 11:11:29,"MendeleyDesktop"
2019-05-25 11:11:46,"ApplicationFrameHost"
2019-05-25 11:12:08,"MendeleyDesktop"
2019-05-25 11:13:22,"chrome"
2019-05-25 11:13:44,"MendeleyDesktop"
2019-05-25 11:13:48,"Idle"
2019-05-25 11:13:50,"chrome"
2019-05-25 11:14:09,"Idle"
2019-05-25 11:14:10,"MendeleyDesktop"
2019-05-25 11:14:17,"ApplicationFrameHost"
2019-05-25 11:46:44,"WINWORD"
2019-05-25 11:46:46,"explorer"
2019-05-25 11:46:48,"WINWORD"
2019-05-25 11:47:19,"chrome"
2019-05-25 11:47:20,"WINWORD"
2019-05-25 11:47:37,"ApplicationFrameHost"
2019-05-25 11:48:31,"explorer"
2019-05-25 11:48:32,"WINWORD"
2019-05-25 11:51:33,"Idle"
2019-05-25 11:51:34,"explorer"
2019-05-25 11:51:49,"POWERPNT"
2019-05-25 11:53:31,"explorer"
2019-05-25 11:53:35,"WINWORD"
2019-05-25 11:53:57,"explorer"
2019-05-25 11:54:01,"WINWORD"
2019-05-25 11:56:35,"POWERPNT"
2019-05-25 11:56:42,"explorer"
2019-05-25 11:56:43,"S-Interface"
2019-05-25 11:56:46,"explorer"
2019-05-25 11:56:47,"S-Interface"
2019-05-25 11:56:48,"POWERPNT"
2019-05-25 11:56:50,"explorer"
2019-05-25 11:56:57,"WINWORD"
2019-05-25 12:03:29,"explorer"
2019-05-25 12:03:32,"WINWORD"
2019-05-25 12:07:28,"explorer"
2019-05-25 12:07:29,"WINWORD"
2019-05-25 12:11:56,"LockApp"
2019-05-25 12:20:12,"Idle"
2019-05-25 12:21:06,"WINWORD"
2019-05-25 12:21:46,"explorer"
2019-05-25 12:21:50,"WINWORD"
2019-05-25 12:37:55,"explorer"
2019-05-25 12:37:56,"ShellExperienceHost"
2019-05-25 12:38:00,"explorer"
2019-05-25 12:39:25,"WINWORD"
2019-05-25 12:39:27,"explorer"
2019-05-25 12:39:36,"WINWORD"
2019-05-25 12:39:40,"explorer"
2019-05-25 12:39:41,"WINWORD"
2019-05-25 12:39:46,"explorer"
2019-05-25 12:39:48,"WINWORD"
2019-05-25 12:44:22,"explorer"
2019-05-25 12:44:24,"WINWORD"
2019-05-25 12:46:42,"Idle"
2019-05-25 12:46:43,"explorer"
2019-05-25 12:46:45,"WINWORD"
2019-05-25 12:53:43,"explorer"
2019-05-25 12:53:45,"WINWORD"
2019-05-25 12:55:46,"explorer"
2019-05-25 12:55:48,"WINWORD"
2019-05-25 12:59:06,"explorer"
2019-05-25 12:59:10,"Idle"
2019-05-25 12:59:11,"LockApp"
2019-05-25 13:47:11,"Idle"
2019-05-25 13:47:35,"explorer"
2019-05-25 13:47:41,"ShellExperienceHost"
2019-05-25 13:47:43,"explorer"
2019-05-25 13:48:06,"WINWORD"
2019-05-25 13:48:08,"Idle"
2019-05-25 13:48:09,"explorer"
2019-05-25 13:48:12,"POWERPNT"
2019-05-25 13:49:12,"Idle"
2019-05-25 13:49:13,"explorer"
2019-05-25 13:49:15,"WINWORD"
2019-05-25 13:49:44,"POWERPNT"
2019-05-25 13:51:02,"WINWORD"
2019-05-25 13:51:04,"explorer"
2019-05-25 13:51:07,"WINWORD"
2019-05-25 13:57:32,"Idle"
2019-05-25 13:57:33,"WINWORD"
2019-05-25 13:57:55,"MendeleyDesktop"
2019-05-25 13:57:56,"Idle"
2019-05-25 13:57:57,"explorer"
2019-05-25 13:58:02,"WINWORD"
2019-05-25 13:58:07,"MendeleyDesktop"
2019-05-25 13:58:09,"explorer"
2019-05-25 13:58:34,"WINWORD"
2019-05-25 14:02:03,"explorer"
2019-05-25 14:02:08,"WINWORD"
2019-05-25 14:02:27,"explorer"
2019-05-25 14:02:28,"WINWORD"
2019-05-25 14:07:08,"explorer"
2019-05-25 14:07:27,"POWERPNT"
2019-05-25 14:08:43,"Idle"
2019-05-25 14:08:44,"explorer"
2019-05-25 14:08:46,"WINWORD"
2019-05-25 14:08:52,"explorer"
2019-05-25 14:08:54,"WINWORD"
2019-05-25 14:12:57,"explorer"
2019-05-25 14:12:58,"POWERPNT"
2019-05-25 14:13:17,"Idle"
2019-05-25 14:13:18,"explorer"
2019-05-25 14:13:19,"WINWORD"
2019-05-25 14:13:33,"POWERPNT"
2019-05-25 14:13:35,"explorer"
2019-05-25 14:13:36,"WINWORD"
2019-05-25 14:13:56,"Idle"
2019-05-25 14:13:57,"POWERPNT"
2019-05-25 14:14:06,"WINWORD"
2019-05-25 14:15:00,"LockApp"
2019-05-25 14:20:34,"Idle"
2019-05-25 14:20:56,"WINWORD"
2019-05-25 14:35:31,"explorer"
2019-05-25 14:36:14,"WINWORD"
2019-05-25 14:36:28,"explorer"
2019-05-25 14:36:51,"EXCEL"
2019-05-25 14:37:17,"explorer"
2019-05-25 14:37:27,"POWERPNT"
2019-05-25 14:37:34,"explorer"
2019-05-25 14:37:39,"WINWORD"
2019-05-25 14:53:49,"POWERPNT"
2019-05-25 14:54:08,"WINWORD"
2019-05-25 14:54:12,"POWERPNT"
2019-05-25 14:54:15,"WINWORD"
2019-05-25 14:54:17,"POWERPNT"
2019-05-25 14:54:20,"WINWORD"
2019-05-25 14:54:30,"POWERPNT"
2019-05-25 14:54:59,"explorer"
2019-05-25 14:55:02,"WINWORD"
2019-05-25 14:55:05,"explorer"
2019-05-25 14:55:19,"WINWORD"
2019-05-25 14:55:58,"POWERPNT"
2019-05-25 14:56:24,"WINWORD"
2019-05-25 14:56:36,"MendeleyDesktop"
2019-05-25 14:56:43,"WINWORD"
2019-05-25 14:56:44,"chrome"
2019-05-25 14:56:50,"WINWORD"
2019-05-25 14:57:02,"Idle"
2019-05-25 14:57:03,"POWERPNT"
2019-05-25 14:58:11,"WINWORD"
2019-05-25 14:58:18,"Idle"
2019-05-25 14:58:19,"POWERPNT"
2019-05-25 14:58:32,"WINWORD"
2019-05-25 14:59:02,"explorer"
2019-05-25 14:59:06,"WINWORD"
2019-05-25 14:59:10,"POWERPNT"
2019-05-25 14:59:11,"WINWORD"
2019-05-25 14:59:12,"explorer"
2019-05-25 14:59:15,"WINWORD"
2019-05-25 15:06:52,"explorer"
2019-05-25 15:07:00,"WINWORD"
2019-05-25 15:07:58,"explorer"
2019-05-25 15:07:59,"WINWORD"
2019-05-25 15:08:35,"explorer"
2019-05-25 15:08:37,"WINWORD"
2019-05-25 15:08:40,"explorer"
2019-05-25 15:08:42,"WINWORD"
2019-05-25 15:11:26,"explorer"
2019-05-25 15:11:28,"WINWORD"
2019-05-25 15:11:37,"explorer"
2019-05-25 15:11:39,"WINWORD"
2019-05-25 15:11:47,"explorer"
2019-05-25 15:11:48,"WINWORD"
2019-05-25 15:12:18,"explorer"
2019-05-25 15:12:19,"WINWORD"
2019-05-25 15:12:21,"explorer"
2019-05-25 15:12:22,"WINWORD"
2019-05-25 15:13:16,"explorer"
2019-05-25 15:13:17,"WINWORD"
2019-05-25 15:13:27,"explorer"
2019-05-25 15:13:28,"WINWORD"
2019-05-25 15:18:52,"explorer"
2019-05-25 15:18:55,"WINWORD"
2019-05-25 15:22:31,"explorer"
2019-05-25 15:22:34,"WINWORD"
2019-05-25 15:25:14,"explorer"
2019-05-25 15:25:19,"WINWORD"
2019-05-25 15:35:27,"explorer"
2019-05-25 15:35:29,"WINWORD"
2019-05-25 15:36:50,"POWERPNT"
2019-05-25 15:36:52,"explorer"
2019-05-25 15:36:55,"WINWORD"
2019-05-25 15:37:41,"explorer"
2019-05-25 15:37:43,"WINWORD"
2019-05-25 15:38:24,"explorer"
2019-05-25 15:38:25,"WINWORD"
2019-05-25 15:38:31,"explorer"
2019-05-25 15:38:33,"WINWORD"
2019-05-25 15:38:39,"MendeleyDesktop"
2019-05-25 15:38:40,"explorer"
2019-05-25 15:38:43,"WINWORD"
2019-05-25 15:39:40,"Idle"
2019-05-25 15:39:41,"LockApp"
2019-05-25 16:14:21,"Idle"
2019-05-25 16:15:03,"WINWORD"
2019-05-25 16:16:07,"explorer"
2019-05-25 16:16:10,"WINWORD"
2019-05-25 16:17:30,"Idle"
2019-05-25 16:17:31,"explorer"
2019-05-25 16:17:34,"WINWORD"
2019-05-25 16:21:33,"chrome"
2019-05-25 16:23:37,"explorer"
2019-05-25 16:23:38,"WINWORD"
2019-05-25 16:23:48,"chrome"
2019-05-25 16:24:26,"explorer"
2019-05-25 16:24:28,"WINWORD"
2019-05-25 16:24:39,"chrome"
2019-05-25 16:29:04,"explorer"
2019-05-25 16:29:05,"WINWORD"
2019-05-25 16:29:29,"chrome"
2019-05-25 16:29:31,"MendeleyDesktop"
2019-05-25 16:29:33,"chrome"
2019-05-25 16:29:37,"explorer"
2019-05-25 16:29:40,"MendeleyDesktop"
2019-05-25 16:29:56,"chrome"
2019-05-25 16:30:01,"explorer"
2019-05-25 16:30:24,"WINWORD"
2019-05-25 16:31:07,"explorer"
2019-05-25 16:31:09,"WINWORD"
2019-05-25 16:37:14,"Idle"
2019-05-25 16:37:15,"chrome"
2019-05-25 16:37:27,"explorer"
2019-05-25 16:37:33,"OpenWith"
2019-05-25 16:37:35,"explorer"
2019-05-25 16:37:37,"Acrobat"
2019-05-25 16:38:32,"explorer"
2019-05-25 16:38:34,"chrome"
2019-05-25 16:38:37,"WINWORD"
2019-05-25 16:38:54,"explorer"
2019-05-25 16:38:56,"WINWORD"
2019-05-25 16:39:39,"explorer"
2019-05-25 16:39:42,"WINWORD"
2019-05-25 16:42:55,"Idle"
2019-05-25 16:42:56,"explorer"
2019-05-25 16:42:58,"WINWORD"
2019-05-25 16:43:49,"Acrobat"
2019-05-25 16:43:50,"WINWORD"
2019-05-25 16:43:52,"explorer"
2019-05-25 16:43:54,"WINWORD"
2019-05-25 16:44:23,"explorer"
2019-05-25 16:44:32,"WINWORD"
2019-05-25 16:45:05,"explorer"
2019-05-25 16:45:06,"WINWORD"
2019-05-25 16:45:59,"chrome"
2019-05-25 16:47:23,"explorer"
2019-05-25 16:47:26,"WINWORD"
2019-05-25 16:47:37,"chrome"
2019-05-25 16:47:41,"WINWORD"
2019-05-25 16:51:09,"chrome"
2019-05-25 16:51:28,"WINWORD"
2019-05-25 16:56:30,"chrome"
2019-05-25 16:56:31,"WINWORD"
2019-05-25 16:56:32,"explorer"
2019-05-25 16:56:34,"WINWORD"
2019-05-25 16:56:45,"POWERPNT"
2019-05-25 16:56:46,"WINWORD"
2019-05-25 16:57:02,"explorer"
2019-05-25 16:57:03,"WINWORD"
2019-05-25 16:57:11,"POWERPNT"
2019-05-25 16:57:12,"explorer"
2019-05-25 16:57:13,"WINWORD"
2019-05-25 16:58:11,"POWERPNT"
2019-05-25 16:58:14,"WINWORD"
2019-05-25 16:58:16,"explorer"
2019-05-25 16:58:19,"WINWORD"
2019-05-25 17:01:48,"MendeleyDesktop"
2019-05-25 17:01:49,"WINWORD"
2019-05-25 17:01:54,"chrome"
2019-05-25 17:02:23,"explorer"
2019-05-25 17:02:24,"WINWORD"
2019-05-25 17:02:33,"MendeleyDesktop"
2019-05-25 17:02:34,"explorer"
2019-05-25 17:02:36,"chrome"
2019-05-25 17:02:37,"WINWORD"
2019-05-25 17:02:59,"chrome"
2019-05-25 17:03:00,"WINWORD"
2019-05-25 17:03:20,"chrome"
2019-05-25 17:03:22,"WINWORD"
2019-05-25 17:03:23,"Idle"
2019-05-25 17:03:24,"explorer"
2019-05-25 17:03:25,"WINWORD"
2019-05-25 17:04:56,"explorer"
2019-05-25 17:04:57,"WINWORD"
2019-05-25 17:07:41,"explorer"
2019-05-25 17:07:42,"WINWORD"
2019-05-25 17:08:55,"explorer"
2019-05-25 17:08:57,"WINWORD"
2019-05-25 17:10:17,"explorer"
2019-05-25 17:10:19,"WINWORD"
2019-05-25 17:12:33,"LockApp"
2019-05-25 17:20:10,"Idle"
2019-05-25 17:20:37,"WINWORD"
2019-05-25 17:22:32,"explorer"
2019-05-25 17:22:33,"WINWORD"
2019-05-25 17:23:26,"explorer"
2019-05-25 17:23:27,"WINWORD"
2019-05-25 17:23:28,"explorer"
2019-05-25 17:23:32,"WINWORD"
2019-05-25 17:29:11,"explorer"
2019-05-25 17:29:15,"WINWORD"
2019-05-25 17:30:34,"Idle"
2019-05-25 17:30:35,"explorer"
2019-05-25 17:30:37,"WINWORD"
2019-05-25 17:30:38,"explorer"
2019-05-25 17:30:40,"WINWORD"
2019-05-25 17:31:15,"POWERPNT"
2019-05-25 17:31:22,"WINWORD"
2019-05-25 17:46:24,"Idle"
2019-05-25 17:53:00,"LockApp"
2019-05-25 17:53:03,"Idle"
2019-05-25 17:53:27,"WINWORD"
2019-05-25 17:55:40,"MendeleyDesktop"
2019-05-25 17:55:42,"WINWORD"
2019-05-25 17:55:53,"explorer"
2019-05-25 17:56:27,"ShellExperienceHost"
2019-05-25 17:56:28,"explorer"
2019-05-25 17:56:31,"ShellExperienceHost"
2019-05-25 17:56:32,"explorer"
2019-05-25 17:56:35,"chrome"
2019-05-25 17:56:38,"explorer"
2019-05-25 17:56:43,"ApplicationFrameHost"
2019-05-25 17:56:48,"explorer"
2019-05-25 18:05:56,"SearchUI"
2019-05-25 18:06:01,"LockApp"
2019-05-25 18:16:36,"Idle"
2019-05-25 18:17:03,"SearchUI"
2019-05-25 18:17:06,"explorer"
2019-05-25 18:17:22,"EXCEL"
2019-05-26 12:55:00,"MonitorTool"
2019-05-26 12:55:03,"devenv"
2019-05-26 12:55:06,"explorer"
2019-05-26 12:55:21,"chrome"
2019-05-26 12:55:25,"explorer"
2019-05-26 12:55:27,"Idle"
2019-05-26 12:55:28,"chrome"
2019-05-26 12:55:30,"explorer"
2019-05-26 12:56:35,"chrome"
2019-05-26 13:03:59,"SearchUI"
2019-05-26 13:04:01,"explorer"
2019-05-26 13:04:13,"WINWORD"
2019-05-26 13:04:29,"explorer"
2019-05-26 13:04:31,"WINWORD"
2019-05-26 13:28:30,"SearchUI"
2019-05-26 13:28:38,"explorer"
2019-05-26 13:28:40,"MendeleyDesktop"
2019-05-26 13:30:30,"WINWORD"
2019-05-26 13:31:02,"MendeleyDesktop"
2019-05-26 13:31:05,"WINWORD"
2019-05-26 13:36:34,"MendeleyDesktop"
2019-05-26 13:36:36,"WINWORD"
2019-05-26 13:40:31,"explorer"
2019-05-26 13:40:37,"WINWORD"
2019-05-26 13:40:58,"explorer"
2019-05-26 13:41:00,"WINWORD"
2019-05-26 13:47:53,"explorer"
2019-05-26 13:47:54,"WINWORD"
2019-05-26 13:48:06,"explorer"
2019-05-26 13:48:09,"WINWORD"
2019-05-26 13:48:18,"explorer"
2019-05-26 13:48:19,"WINWORD"
2019-05-26 13:50:01,"explorer"
2019-05-26 13:50:05,"WINWORD"
2019-05-26 13:51:50,"explorer"
2019-05-26 13:52:03,"POWERPNT"
2019-05-26 13:52:29,"explorer"
2019-05-26 13:52:34,"WINWORD"
2019-05-26 13:52:35,"explorer"
2019-05-26 13:52:53,"WINWORD"
2019-05-26 13:53:00,"POWERPNT"
2019-05-26 13:53:09,"WINWORD"
2019-05-26 13:53:49,"POWERPNT"
2019-05-26 13:53:52,"explorer"
2019-05-26 13:53:54,"WINWORD"
2019-05-26 14:02:18,"POWERPNT"
2019-05-26 14:02:19,"explorer"
2019-05-26 14:02:22,"WINWORD"
2019-05-26 14:02:59,"LockApp"
2019-05-26 14:23:49,"Idle"
2019-05-26 14:24:13,"WINWORD"
2019-05-26 14:27:29,"POWERPNT"
2019-05-26 14:27:30,"explorer"
2019-05-26 14:27:32,"WINWORD"
2019-05-26 14:34:06,"explorer"
2019-05-26 14:34:50,"WINWORD"
2019-05-26 14:34:52,"explorer"
2019-05-26 14:34:53,"WINWORD"
2019-05-26 14:38:34,"explorer"
2019-05-26 14:38:37,"WINWORD"
2019-05-26 14:40:02,"explorer"
2019-05-26 14:40:06,"WINWORD"
2019-05-26 14:40:25,"explorer"
2019-05-26 14:40:57,"WINWORD"
2019-05-26 14:41:19,"explorer"
2019-05-26 14:41:21,"WINWORD"
2019-05-26 14:44:43,"explorer"
2019-05-26 14:44:49,"WINWORD"
2019-05-26 14:58:55,"explorer"
2019-05-26 14:59:01,"WINWORD"
2019-05-26 14:59:10,"explorer"
2019-05-26 14:59:18,"WINWORD"
2019-05-26 15:01:01,"explorer"
2019-05-26 15:01:06,"WINWORD"
2019-05-26 15:02:35,"explorer"
2019-05-26 15:02:36,"WINWORD"
2019-05-26 15:02:38,"explorer"
2019-05-26 15:02:39,"WINWORD"
2019-05-26 15:03:01,"explorer"
2019-05-26 15:03:02,"WINWORD"
2019-05-26 15:11:39,"explorer"
2019-05-26 15:11:41,"WINWORD"
2019-05-26 15:12:33,"Idle"
2019-05-26 15:12:34,"explorer"
2019-05-26 15:12:37,"WINWORD"
2019-05-26 15:12:43,"explorer"
2019-05-26 15:12:45,"WINWORD"
2019-05-26 15:16:55,"explorer"
2019-05-26 15:17:00,"WINWORD"
2019-05-26 15:17:13,"explorer"
2019-05-26 15:17:16,"WINWORD"
2019-05-26 15:17:40,"explorer"
2019-05-26 15:17:41,"WINWORD"
2019-05-26 15:17:45,"Idle"
2019-05-26 15:17:46,"explorer"
2019-05-26 15:17:49,"WINWORD"
2019-05-26 15:18:18,"explorer"
2019-05-26 15:18:19,"WINWORD"
2019-05-26 15:18:36,"explorer"
2019-05-26 15:18:37,"WINWORD"
2019-05-26 15:18:39,"explorer"
2019-05-26 15:18:41,"WINWORD"
2019-05-26 15:19:35,"explorer"
2019-05-26 15:19:36,"WINWORD"
2019-05-26 15:20:07,"explorer"
2019-05-26 15:20:08,"WINWORD"
2019-05-26 15:20:10,"explorer"
2019-05-26 15:20:11,"WINWORD"
2019-05-26 15:20:43,"explorer"
2019-05-26 15:20:47,"WINWORD"
2019-05-26 15:21:13,"explorer"
2019-05-26 15:21:14,"WINWORD"
2019-05-26 15:22:12,"explorer"
2019-05-26 15:22:20,"WINWORD"
2019-05-26 15:22:24,"explorer"
2019-05-26 15:22:26,"WINWORD"
2019-05-26 15:23:22,"explorer"
2019-05-26 15:23:23,"WINWORD"
2019-05-26 15:28:03,"explorer"
2019-05-26 15:28:04,"WINWORD"
2019-05-26 15:28:36,"MendeleyDesktop"
2019-05-26 15:28:38,"WINWORD"
2019-05-26 15:30:38,"explorer"
2019-05-26 15:30:46,"WINWORD"
2019-05-26 15:33:10,"explorer"
2019-05-26 15:33:13,"WINWORD"
2019-05-26 15:41:06,"explorer"
2019-05-26 15:41:09,"WINWORD"
2019-05-26 15:41:12,"explorer"
2019-05-26 15:41:16,"WINWORD"
2019-05-26 15:42:20,"explorer"
2019-05-26 15:42:22,"WINWORD"
2019-05-26 15:43:37,"explorer"
2019-05-26 15:43:40,"WINWORD"
2019-05-26 15:43:47,"explorer"
2019-05-26 15:43:48,"WINWORD"
2019-05-26 15:47:22,"explorer"
2019-05-26 15:47:25,"WINWORD"
2019-05-26 15:48:32,"Idle"
2019-05-26 15:48:33,"explorer"
2019-05-26 15:48:35,"WINWORD"
2019-05-26 15:48:37,"explorer"
2019-05-26 15:48:40,"WINWORD"
2019-05-26 15:51:17,"MendeleyDesktop"
2019-05-26 15:51:19,"WINWORD"
2019-05-26 15:51:23,"MendeleyDesktop"
2019-05-26 15:51:27,"WINWORD"
2019-05-26 15:51:32,"MendeleyDesktop"
2019-05-26 15:51:37,"WINWORD"
2019-05-26 15:52:24,"MendeleyDesktop"
2019-05-26 15:53:19,"WINWORD"
2019-05-26 15:53:34,"MendeleyDesktop"
2019-05-26 15:53:42,"WINWORD"
2019-05-26 15:53:50,"MendeleyDesktop"
2019-05-26 15:53:57,"WINWORD"
2019-05-26 15:54:02,"MendeleyDesktop"
2019-05-26 15:54:11,"WINWORD"
2019-05-26 15:54:12,"MendeleyDesktop"
2019-05-26 15:54:16,"WINWORD"
2019-05-26 15:54:18,"MendeleyDesktop"
2019-05-26 15:55:23,"WINWORD"
2019-05-26 15:55:37,"MendeleyDesktop"
2019-05-26 15:57:01,"WINWORD"
2019-05-26 15:57:11,"MendeleyDesktop"
2019-05-26 15:57:24,"WINWORD"
2019-05-26 15:57:28,"MendeleyDesktop"
2019-05-26 15:58:04,"WINWORD"
2019-05-26 15:58:19,"MendeleyDesktop"
2019-05-26 15:58:20,"WINWORD"
2019-05-26 15:58:34,"explorer"
2019-05-26 15:58:40,"WINWORD"
2019-05-26 15:58:56,"MendeleyDesktop"
2019-05-26 15:59:12,"WINWORD"
2019-05-26 15:59:13,"MendeleyDesktop"
2019-05-26 15:59:26,"WINWORD"
2019-05-26 15:59:30,"MendeleyDesktop"
2019-05-26 15:59:45,"WINWORD"
2019-05-26 16:00:46,"MendeleyDesktop"
2019-05-26 16:00:48,"WINWORD"
2019-05-26 16:00:49,"explorer"
2019-05-26 16:00:50,"WINWORD"
2019-05-26 16:02:24,"explorer"
2019-05-26 16:02:25,"WINWORD"
2019-05-26 16:06:49,"explorer"
2019-05-26 16:06:50,"WINWORD"
2019-05-26 16:08:33,"LockApp"
2019-05-26 16:25:51,"Idle"
2019-05-26 16:26:13,"WINWORD"
2019-05-26 16:55:27,"explorer"
2019-05-26 16:55:28,"WINWORD"
2019-05-26 16:55:41,"explorer"
2019-05-26 16:55:54,"chrome"
2019-05-26 17:02:59,"explorer"
2019-05-26 17:03:00,"chrome"
2019-05-26 17:03:02,"explorer"
2019-05-26 17:03:05,"Idle"
2019-05-26 17:03:06,"POWERPNT"
2019-05-26 17:03:08,"explorer"
2019-05-26 17:03:19,"WINWORD"
2019-05-26 17:05:51,"explorer"
2019-05-26 17:05:54,"WINWORD"
2019-05-26 17:06:05,"chrome"
2019-05-26 17:06:21,"explorer"
2019-05-26 17:06:36,"POWERPNT"
2019-05-26 17:06:54,"explorer"
2019-05-26 17:06:58,"WINWORD"
2019-05-26 17:07:01,"POWERPNT"
2019-05-26 17:07:02,"WINWORD"
2019-05-26 17:07:03,"POWERPNT"
2019-05-26 17:07:04,"WINWORD"
2019-05-26 17:07:05,"POWERPNT"
2019-05-26 17:07:07,"WINWORD"
2019-05-26 17:07:08,"POWERPNT"
2019-05-26 17:07:31,"explorer"
2019-05-26 17:07:35,"chrome"
2019-05-26 17:07:58,"WINWORD"
2019-05-26 17:13:44,"Idle"
2019-05-26 17:13:45,"LockApp"
2019-05-26 17:31:47,"Idle"
2019-05-26 17:32:10,"WINWORD"
2019-05-26 17:33:41,"explorer"
2019-05-26 17:33:49,"WINWORD"
2019-05-26 17:33:52,"explorer"
2019-05-26 17:33:54,"WINWORD"
2019-05-26 17:34:13,"explorer"
2019-05-26 17:34:17,"WINWORD"
2019-05-26 17:36:11,"chrome"
2019-05-26 17:36:48,"ShellExperienceHost"
2019-05-26 17:36:53,"chrome"
2019-05-26 17:37:03,"WINWORD"
2019-05-26 17:40:29,"chrome"
2019-05-26 17:40:41,"WINWORD"
2019-05-26 17:43:29,"Idle"
2019-05-26 17:43:30,"explorer"
2019-05-26 17:43:31,"WINWORD"
2019-05-26 17:49:07,"Idle"
2019-05-26 17:49:08,"explorer"
2019-05-26 17:49:13,"WINWORD"
2019-05-26 17:52:01,"Idle"
2019-05-26 17:52:02,"chrome"
2019-05-26 17:52:55,"ShellExperienceHost"
2019-05-26 17:54:57,"chrome"
2019-05-26 17:54:59,"WINWORD"
2019-05-26 17:57:35,"SearchUI"
2019-05-26 17:57:39,"ApplicationFrameHost"
2019-05-26 17:58:34,"WINWORD"
2019-05-26 17:58:55,"chrome"
2019-05-26 18:00:00,"explorer"
2019-05-26 18:00:05,"Idle"
2019-05-26 18:00:06,"explorer"
2019-05-26 18:00:20,"Idle"
2019-05-26 18:00:21,"chrome"
2019-05-26 18:00:27,"explorer"
2019-05-26 18:00:44,"chrome"
2019-05-26 18:00:56,"explorer"
2019-05-26 18:01:00,"Idle"
2019-05-26 18:01:01,"explorer"
2019-05-26 18:01:07,"chrome"
2019-05-26 18:01:13,"explorer"
2019-05-26 18:01:26,"chrome"
2019-05-26 18:01:50,"explorer"
2019-05-26 18:02:00,"WINWORD"
2019-05-26 18:02:40,"chrome"
2019-05-26 18:04:15,"explorer"
2019-05-26 18:04:19,"WINWORD"
2019-05-26 18:04:51,"explorer"
2019-05-26 18:04:55,"WINWORD"
2019-05-26 18:10:08,"chrome"
2019-05-26 18:27:53,"LockApp"
2019-05-26 18:31:51,"Idle"
2019-05-26 18:32:22,"LockApp"
2019-05-26 18:34:10,"Idle"
2019-05-26 18:35:15,"explorer"
2019-05-26 18:35:16,"chrome"
2019-05-26 18:35:23,"explorer"
2019-05-26 18:35:40,"devenv"
2019-05-29 10:44:22,"MonitorTool"
2019-05-29 10:44:28,"devenv"
2019-05-29 10:44:29,"explorer"
2019-05-29 10:45:13,"chrome"
2019-05-29 11:06:26,"Acrobat"
2019-05-29 11:07:33,"Idle"
2019-05-29 11:07:34,"chrome"
2019-05-29 11:14:52,"Acrobat"
2019-05-29 11:19:07,"chrome"
2019-05-29 11:20:21,"Acrobat"
2019-05-29 11:24:06,"chrome"
2019-05-29 11:24:18,"Acrobat"
2019-05-29 11:47:41,"Idle"
2019-05-29 11:47:42,"chrome"
2019-05-29 11:49:34,"explorer"
2019-05-29 11:49:35,"ShellExperienceHost"
2019-05-29 11:49:38,"explorer"
2019-05-29 11:50:08,"chrome"
2019-05-29 11:50:09,"Acrobat"
2019-05-29 11:55:14,"chrome"
2019-05-29 11:55:56,"Acrobat"
2019-05-29 11:59:27,"chrome"
2019-05-29 11:59:47,"Idle"
2019-05-29 11:59:48,"LockApp"
2019-05-29 12:14:05,"Idle"
2019-05-29 12:14:28,"chrome"
2019-05-29 12:40:17,"Acrobat"
2019-05-29 12:40:19,"chrome"
2019-05-29 12:40:20,"Acrobat"
2019-05-29 12:40:22,"chrome"
2019-05-29 12:40:25,"Acrobat"
2019-05-29 13:12:05,"chrome"
2019-05-29 13:12:22,"Acrobat"
2019-05-29 13:12:27,"LockApp"
2019-05-29 14:46:07,"Idle"
2019-05-29 14:46:28,"Acrobat"
2019-05-29 14:46:47,"explorer"
2019-05-29 14:46:53,"chrome"
2019-05-29 15:18:05,"explorer"
2019-05-29 15:18:16,"EXCEL"
2019-05-29 15:22:54,"chrome"
2019-05-29 15:23:10,"explorer"
2019-05-29 15:23:12,"EXCEL"
2019-05-29 15:23:17,"explorer"
2019-05-29 15:23:23,"EXCEL"
2019-05-29 15:23:26,"explorer"
2019-05-29 15:23:27,"ShellExperienceHost"
2019-05-29 15:23:30,"EXCEL"
2019-05-29 16:00:13,"explorer"
2019-05-29 16:00:14,"EXCEL"
2019-05-29 16:00:16,"explorer"
2019-05-29 16:00:17,"EXCEL"
2019-05-29 16:11:54,"LockApp"
2019-05-29 16:32:33,"Idle"
2019-05-29 16:32:56,"EXCEL"
2019-05-29 16:32:59,"chrome"
2019-05-29 16:33:12,"explorer"
2019-05-29 16:33:13,"Idle"
2019-05-29 16:33:15,"EXCEL"
2019-05-29 16:33:19,"explorer"
2019-05-29 16:36:08,"EXCEL"
2019-05-29 17:14:09,"Idle"
2019-05-29 17:16:16,"LockApp"
2019-05-29 17:16:22,"Idle"
2019-05-29 17:17:16,"explorer"
2019-05-29 17:17:17,"EXCEL"
2019-05-29 17:17:22,"explorer"
2019-05-29 17:18:18,"chrome"
2019-05-29 17:23:14,"explorer"
2019-05-29 17:27:22,"devenv"
2019-05-29 17:27:28,"explorer"
2019-05-29 17:42:31,"Idle"
2019-05-29 17:47:52,"LockApp"
2019-05-29 17:47:58,"Idle"
2019-05-29 17:48:19,"explorer"
2019-05-29 17:48:57,"devenv"
2019-05-30 14:03:12,"MonitorTool"
2019-05-30 14:03:51,"devenv"
2019-05-30 14:03:53,"explorer"
2019-05-30 14:04:10,"chrome"
2019-05-30 14:05:52,"explorer"
2019-05-30 14:05:59,"chrome"
2019-05-30 14:13:28,"SearchUI"
2019-05-30 14:13:43,"explorer"
2019-05-30 14:14:27,"chrome"
2019-05-30 14:17:24,"explorer"
2019-05-30 14:17:29,"chrome"
2019-05-30 14:17:54,"explorer"
2019-05-30 14:18:04,"SearchUI"
2019-05-30 14:18:10,"explorer"
2019-05-30 14:18:11,"EXCEL"
2019-05-30 14:19:04,"explorer"
2019-05-30 14:19:05,"chrome"
2019-05-30 14:19:10,"explorer"
2019-05-30 14:19:11,"EXCEL"
2019-05-30 14:22:48,"explorer"
2019-05-30 14:22:49,"SearchUI"
2019-05-30 14:23:03,"explorer"
2019-05-30 14:23:05,"EXCEL"
2019-05-30 14:23:12,"explorer"
2019-05-30 14:23:13,"EXCEL"
2019-05-30 14:23:15,"explorer"
2019-05-30 14:23:16,"EXCEL"
2019-05-30 14:23:54,"explorer"
2019-05-30 14:23:56,"EXCEL"
2019-05-30 14:24:00,"chrome"
2019-05-30 14:28:50,"EXCEL"
2019-05-30 14:28:59,"explorer"
2019-05-30 14:29:05,"EXCEL"
2019-05-30 14:29:48,"explorer"
2019-05-30 14:29:51,"EXCEL"
2019-05-30 14:30:10,"explorer"
2019-05-30 14:30:11,"EXCEL"
2019-05-30 14:33:06,"explorer"
2019-05-30 14:33:10,"EXCEL"
2019-05-30 14:33:21,"explorer"
2019-05-30 14:33:25,"EXCEL"
2019-05-30 14:34:31,"chrome"
2019-05-30 14:40:35,"EXCEL"
2019-05-30 14:40:39,"explorer"
2019-05-30 14:40:43,"EXCEL"
2019-05-30 14:40:44,"explorer"
2019-05-30 14:40:45,"EXCEL"
2019-05-30 14:40:50,"Idle"
2019-05-30 14:40:51,"EXCEL"
2019-05-30 14:41:10,"Idle"
2019-05-30 14:41:11,"explorer"
2019-05-30 14:41:12,"EXCEL"
2019-05-30 14:41:14,"Idle"
2019-05-30 14:41:15,"explorer"
2019-05-30 14:41:16,"EXCEL"
2019-05-30 14:41:17,"explorer"
2019-05-30 14:41:18,"EXCEL"
2019-05-30 14:41:22,"explorer"
2019-05-30 14:41:23,"EXCEL"
2019-05-30 14:41:38,"explorer"
2019-05-30 14:41:41,"EXCEL"
2019-05-30 14:41:49,"explorer"
2019-05-30 14:41:52,"EXCEL"
2019-05-30 15:03:23,"chrome"
2019-05-30 15:03:58,"EXCEL"
2019-05-30 15:12:14,"Idle"
2019-05-30 15:12:15,"chrome"
2019-05-30 15:13:28,"explorer"
2019-05-30 15:13:29,"EXCEL"
2019-05-30 15:13:30,"Idle"
2019-05-30 15:13:31,"EXCEL"
2019-05-30 15:26:47,"Idle"
2019-05-30 15:26:48,"explorer"
2019-05-30 15:27:32,"SearchUI"
2019-05-30 15:42:33,"Idle"
2019-05-30 15:42:54,"LockApp"
2019-05-30 15:43:01,"Idle"
2019-05-30 15:43:54,"SearchUI"
2019-05-30 15:43:57,"EXCEL"
2019-05-30 15:43:58,"chrome"
2019-05-30 15:46:25,"EXCEL"
2019-05-30 15:47:26,"Idle"
2019-05-30 15:47:27,"explorer"
2019-05-30 15:47:29,"EXCEL"
2019-05-30 15:48:14,"explorer"
2019-05-30 15:48:17,"EXCEL"
2019-05-30 15:51:07,"Idle"
2019-05-30 15:51:08,"explorer"
2019-05-30 15:51:10,"EXCEL"
2019-05-30 15:51:15,"explorer"
2019-05-30 15:51:17,"EXCEL"
2019-05-30 15:58:57,"explorer"
2019-05-30 15:58:58,"EXCEL"
2019-05-30 15:59:09,"explorer"
2019-05-30 15:59:11,"EXCEL"
2019-05-30 16:06:17,"explorer"
2019-05-30 16:06:19,"EXCEL"
2019-05-30 16:06:34,"explorer"
2019-05-30 16:06:37,"EXCEL"
2019-05-30 16:10:42,"explorer"
2019-05-30 16:10:44,"EXCEL"
2019-05-30 16:12:07,"explorer"
2019-05-30 16:12:08,"EXCEL"
2019-05-30 16:12:09,"explorer"
2019-05-30 16:12:10,"EXCEL"
2019-05-30 16:13:46,"explorer"
2019-05-30 16:13:47,"EXCEL"
2019-05-30 16:14:36,"explorer"
2019-05-30 16:14:39,"EXCEL"
2019-05-30 16:14:55,"explorer"
2019-05-30 16:14:59,"Idle"
2019-05-30 16:15:00,"explorer"
2019-05-30 16:15:01,"EXCEL"
2019-05-30 16:19:55,"explorer"
2019-05-30 16:19:56,"EXCEL"
2019-05-30 16:20:33,"explorer"
2019-05-30 16:20:34,"EXCEL"
2019-05-30 16:24:33,"explorer"
2019-05-30 16:24:34,"EXCEL"
2019-05-30 16:26:47,"explorer"
2019-05-30 16:26:48,"Idle"
2019-05-30 16:26:49,"chrome"
2019-05-30 16:33:12,"EXCEL"
2019-05-31 12:49:58,"MonitorTool"
2019-05-31 12:50:10,"devenv"
2019-05-31 12:50:12,"explorer"
2019-05-31 13:02:27,"chrome"
2019-05-31 13:20:02,"explorer"
2019-05-31 13:20:07,"Acrobat"
2019-05-31 13:26:28,"chrome"
2019-05-31 13:28:22,"Acrobat"
2019-05-31 13:50:00,"chrome"
2019-05-31 13:50:59,"Acrobat"
2019-05-31 13:51:09,"chrome"
2019-05-31 13:51:12,"Acrobat"
2019-05-31 13:51:24,"chrome"
2019-05-31 13:51:25,"Acrobat"
2019-05-31 13:51:40,"chrome"
2019-05-31 13:51:48,"Acrobat"
2019-05-31 13:59:19,"chrome"
2019-05-31 13:59:37,"Idle"
2019-05-31 13:59:38,"Acrobat"
2019-05-31 14:03:51,"chrome"
2019-05-31 14:06:43,"Acrobat"
2019-05-31 14:06:59,"explorer"
2019-05-31 14:07:15,"EXCEL"
2019-05-31 14:09:34,"explorer"
2019-05-31 14:09:40,"EXCEL"
2019-05-31 14:10:21,"Acrobat"
2019-05-31 14:10:22,"EXCEL"
2019-05-31 14:10:24,"explorer"
2019-05-31 14:10:27,"EXCEL"
2019-05-31 14:25:29,"explorer"
2019-05-31 14:25:53,"WINWORD"
2019-05-31 14:25:57,"explorer"
2019-05-31 14:26:40,"Acrobat"
2019-05-31 14:35:43,"explorer"
2019-05-31 14:35:46,"Idle"
2019-05-31 14:35:47,"LockApp"
2019-05-31 14:59:16,"Idle"
2019-05-31 15:00:04,"explorer"
2019-05-31 15:00:07,"Acrobat"
2019-05-31 15:03:58,"EXCEL"
2019-05-31 15:05:49,"explorer"
2019-05-31 15:05:51,"EXCEL"
2019-05-31 15:06:02,"explorer"
2019-05-31 15:06:05,"EXCEL"
2019-05-31 15:06:34,"explorer"
2019-05-31 15:06:42,"EXCEL"
2019-05-31 15:09:31,"explorer"
2019-05-31 15:09:32,"EXCEL"
2019-05-31 15:11:41,"explorer"
2019-05-31 15:11:43,"EXCEL"
2019-05-31 15:11:49,"explorer"
2019-05-31 15:11:50,"EXCEL"
2019-05-31 15:12:08,"explorer"
2019-05-31 15:12:09,"EXCEL"
2019-05-31 15:13:19,"explorer"
2019-05-31 15:13:20,"EXCEL"
2019-05-31 15:19:21,"explorer"
2019-05-31 15:19:22,"EXCEL"
2019-05-31 15:25:29,"chrome"
2019-05-31 15:25:31,"Idle"
2019-05-31 15:25:32,"Acrobat"
2019-05-31 15:32:33,"chrome"
2019-05-31 15:39:55,"Acrobat"
2019-05-31 16:01:15,"EXCEL"
2019-05-31 16:02:30,"explorer"
2019-05-31 16:03:04,"EXCEL"
2019-05-31 16:26:38,"explorer"
2019-05-31 16:26:50,"POWERPNT"
2019-05-31 16:30:57,"explorer"
2019-05-31 16:31:01,"EXCEL"
2019-05-31 16:31:03,"explorer"
2019-05-31 16:31:05,"Acrobat"
2019-05-31 16:38:01,"LockApp"
2019-05-31 16:57:30,"Idle"
2019-05-31 16:57:59,"Acrobat"
2019-05-31 17:12:19,"Idle"
2019-05-31 17:12:20,"chrome"
2019-05-31 17:14:54,"Acrobat"
2019-05-31 17:20:10,"chrome"
2019-05-31 17:25:32,"explorer"
2019-05-31 17:25:33,"Acrobat"
2019-05-31 17:25:35,"explorer"
2019-05-31 17:25:39,"ShellExperienceHost"
2019-05-31 17:25:40,"EXCEL"
2019-05-31 17:25:42,"explorer"
2019-05-31 17:25:43,"Idle"
2019-05-31 17:25:45,"explorer"
2019-05-31 17:48:33,"Idle"
2019-05-31 17:51:22,"LockApp"
2019-05-31 17:51:33,"Idle"
2019-05-31 17:51:53,"explorer"
2019-05-31 17:52:00,"devenv"
